ra,dec,RAdeg_OC,DECdeg_OC,freqc,w50,snr,flux,rms,distance,HImass,code
135.13499,25.96,135.13667,25.9475,1351.93476,70,9.6,0.79,2.25,233,9.98,1
135.26367,26.21443,135.25752,26.22054,1387.01224,280,18.9,5.76,2.66,108.6,10.19,3
135.63721,26.40168,135.61144,26.39616,1402.36259,117,7.9,0.5,1.78,57.6,8.75,3
135.66125,25.93639,135.66084,25.93389,1408.89974,356,90.3,14.96,1.86,36.4,9.66,1
135.79102,26.21443,135.79028,26.18631,1365.55839,249,8.5,0.2,1.49,183.4,9.2,3
135.85693,27.02808,135.83941,26.98974,1317.34061,106,13.7,1.17,2.74,366.9,10.54,3
135.85693,26.23522,135.88414,26.2035,1361.62162,139,5,0.2,1.41,197.5,9.26,3
135.89396,26.63382,135.90754,26.67466,1334.27787,147,16.1,1.95,2.48,299.8,10.59,3
136.07666,26.44333,136.09511,26.43545,1358.66141,98,11.1,0.69,1.87,208.3,9.83,3
136.16455,26.98621,136.17266,26.98821,1398.15116,64,6.1,0.42,2.55,71.4,8.7,3
136.16455,27.02808,136.16531,27.02237,1317.40165,109,14.6,1.07,2.25,366.6,10.5,3
136.23047,26.08976,136.2358,26.106,1364.73441,118,6.4,0.34,1.22,186.3,9.43,2
136.23047,26.29761,136.24553,26.296,1361.68265,96,5.8,0.24,1.43,197.3,9.33,3
136.24292,26.11417,136.23584,26.10611,1364.92606,70,6.9,0.34,1.83,185.6,9.44,1
136.27441,26.58924,,,1366.90116,163,10.2,0.66,1.63,178.6,9.88,4
136.55626,25.7775,136.55168,25.78361,1408.11293,138,9.3,1.48,2.59,38.9,8.35,1
136.62598,26.08976,136.6155,26.11213,1395.19095,120,5.1,0.27,1.12,81.2,8.62,3
136.91162,25.903,136.91294,25.94611,1395.22147,118,6.2,0.5,1.64,81.1,8.88,3
136.99951,26.94436,,,1397.8765,68,7.8,0.37,1.64,72.3,8.66,4
137.13135,26.06899,137.1614,26.05478,1331.16508,87,8.8,0.21,0.91,311.9,9.83,3
137.30167,26.5975,137.28458,26.60306,1407.20616,204,17.8,1.76,1.67,41.8,9.17,1
137.39749,26.60778,137.39499,26.60917,1407.36883,88,35,3.09,2.27,41.3,9.25,1
137.40641,26.58921,137.43259,26.60887,1374.53055,162,22.1,1.55,1.45,151.6,9.91,3
137.41699,26.27961,137.41623,26.29832,1315.9063,91,7.5,0.3,1.49,375.4,9.85,2
137.44458,26.85833,137.44916,26.86056,1390.42812,125,7.9,1,3.19,97.1,9.87,1
137.46904,26.29761,137.47809,26.33138,1315.9063,57,5.5,0.21,1.22,372.7,9.79,3
137.4929,27.00861,137.49416,27.00306,1390.42812,131,18.9,2.8,2.47,97.1,9.79,1
137.65869,26.69357,,,1358.56986,121,9,0.98,1.52,208.6,9.98,4
137.66792,26.47361,137.65875,26.47556,1357.254262,307,5.1,0.93,2.33,203,9.96,5
137.94434,26.88161,,,1376.91092,126,7.4,0.29,2.31,143.3,9.14,4
138.27393,26.90252,138.22198,26.88967,1332.72147,83,13.9,0.82,1.54,305.9,10.23,3
138.27393,26.40168,,,1402.48466,108,7.1,0.24,1.86,57.2,8.47,4
138.2959,26.88161,,,1413.68461,96,7.1,0.29,1.37,21.1,7.83,4
138.31787,26.90252,,,1348.95682,88,8.5,0.29,1.73,244,10.16,4
138.44415,26.075,138.44583,26.08083,1352.05916,331,7.5,1.12,1.42,232.5,10.31,1
138.48332,27.00333,138.485,27.0075,1383.92997,117,11.4,2,3.15,119.1,9.81,1
138.66943,26.8607,138.7071,26.86977,1348.9263,99,6.7,0.98,1.64,241.5,10.13,3
138.67543,26.69806,138.66376,26.69889,1364.86048,111,6.3,0.37,1.42,185.9,9.7,1
138.71338,26.40168,,,1350.5132,103,8.4,0.22,1.45,240.4,9.48,4
138.71338,26.40168,138.68494,26.37561,1350.6048,103,8.4,0.23,1.45,240.4,9.61,3
139.00333,26.6575,139.00458,26.64972,1390.217153,39,6.7,0.4,2.04,96.8,8.95,5
139.21875,26.88161,139.19948,26.8669,1397.75443,68,5.6,0.29,1.46,72.7,8.55,3
139.26791,26.76361,139.26584,26.76417,1385.711253,380,5.3,1.05,2.26,111,9.48,5
139.34,26.43833,139.32126,26.45028,1386.17587,126,4.6,0.55,2.35,109.6,9.19,5
139.37291,26.59333,139.37167,26.6,1385.954799,397,6.3,1.27,2.26,110.3,9.56,5
139.37875,25.96944,139.37335,25.96583,1390.11514,390,25,4,2.77,98.1,10,1
139.38293,26.45611,139.37584,26.45806,1390.03805,131,11.4,0.91,2.17,98.4,9.3,1
139.6275,26.37528,139.61209,26.38722,1372.535206,190,6.9,1.01,2.38,153.2,9.75,5
139.62917,26.1875,139.63542,26.19083,1372.805122,225,6.5,0.99,2.27,152.3,9.73,5
139.63126,25.97028,139.62334,25.96861,1386.126236,20,4.7,0.24,2.34,109.8,8.83,5
139.69292,26.37583,139.69667,26.37833,1383.15284,190,12.8,1.6,2.09,121.8,9.73,1
139.70215,26.38086,139.69666,26.37825,1383.01444,190,13.1,1.27,2.21,122.3,9.74,3
139.79004,26.75622,139.80123,26.7408,1382.92289,48,8.4,0.33,3.52,122.6,9.05,3
139.80251,26.74222,139.80125,26.74083,1383.02714,52,8.9,0.42,2.47,122.2,9.16,1
139.81917,26.57806,139.82625,26.57028,1383.689516,201,5.7,0.81,2.26,117.5,9.42,5
139.87793,26.54753,139.89343,26.55309,1364.887,121,7.7,0.29,1.17,185.8,9.35,3
139.87793,26.54753,139.89343,26.55309,1365.25321,124,5,0.22,1.11,184.5,9.25,3
139.91791,26.07778,139.91376,26.07722,1383.325421,154,5.2,0.72,2.49,118.7,9.38,5
139.93416,26.68083,139.94083,26.66722,1385.400178,267,4.8,0.83,2.35,112,9.39,5
139.93625,27.03472,139.93959,27.02778,1358.95819,180,5.5,0.24,2.7,207.2,9.37,1
140.00209,26.75111,139.99126,26.74833,1384.17722,160,6.7,0.92,3.67,118.3,9.47,1
140.015,27.05139,140.0179,27.05639,1374.28476,229,16.9,3.81,3.18,152.5,10.3,1
140.02124,26.74778,140.00415,26.73944,1357.9102,104,6.2,0.51,2.16,211,9.76,1
140.13708,26.56278,140.13499,26.56806,1354.25922,117,8.9,1.42,3.48,224.4,10.2,1
140.16873,26.54083,140.15416,26.53806,1354.96975,211,6.8,1.87,2.46,221.8,10.31,1
140.22949,26.04823,140.23854,26.08996,1332.11112,86,11.2,0.43,1.34,308.2,9.95,3
140.32251,26.70889,140.32333,26.71,1374.4,177,16,1.8,2.78,152.1,10.1,1
140.49709,26.085,140.49417,26.08417,1353.63113,119,7.5,0.63,2.34,226.7,9.86,1
140.51514,26.7771,140.53089,26.732,1317.43217,112,7.1,0.25,2.41,366.5,9.86,3
140.68042,25.93056,140.67084,25.93472,1353.552653,203,5.6,0.81,2.29,215.4,9.95,5
140.70876,26.63861,140.70667,26.63778,1357.76742,104,8.2,0.86,1.84,211.5,9.94,1
140.73486,26.23522,140.74437,26.24951,1331.01249,90,17.5,0.46,0.98,312.5,9.99,2
140.75333,26.29917,140.75917,26.29833,1360.828296,301,5.1,0.87,2.2,191.4,9.88,5
140.79707,26.81639,140.79584,26.8175,1408.77397,153,29.5,2.79,2.16,36.8,8.99,1
140.8667,26.02747,,,1380.02372,99,8.8,0.33,1.11,132.5,9.12,4
140.95459,26.65183,140.97415,26.64083,1403.61381,63,8.1,0.36,1.48,53.5,8.38,3
140.97656,26.63096,140.97415,26.64083,1358.66141,168,10.8,0.58,1.2,208.3,9.81,3
140.97656,26.17286,,,1417.46879,114,6.1,0.21,1.83,9.2,6.62,4
140.97656,26.17286,,,1331.8975,95,12,0.27,0.8,309.1,9.76,4
140.985,26.67111,140.99083,26.66556,1403.75257,71,7,0.69,1.86,53,8.6,1
141.00164,26.36389,141.0034,26.32235,1326.42722,50,8.3,0.82,3.39,330.5,10.33,3
141.02051,26.92344,141.03894,26.92315,1333.72855,109,9.7,1.11,1.77,302,10.35,3
141.22916,26.77444,141.23041,26.77472,1401.26909,607,60.7,17.68,2.07,61.1,10.15,1
141.24023,26.08976,141.20179,26.10193,1311.66434,440,27.5,2.19,1.2,390,10.86,3
141.28418,26.71445,141.26437,26.69979,1402.21,195,12.6,1.04,2.26,58.1,8.91,3
141.30615,25.98597,141.31429,25.99572,1364.18509,80,11.3,0.41,1.12,188.3,9.52,3
141.45996,26.38086,,,1407.48954,263,16.5,0.54,1.67,40.9,8.4,4
141.45996,27.04902,141.43981,27.06447,1317.46268,116,9.7,1.01,3.65,366.4,10.47,3
141.50391,27.00714,141.47876,26.98674,1398.30375,116,17.5,1.36,2.2,70.9,9.2,3
141.52583,25.75722,141.52,25.75417,1374.80847,421,5.2,1.2,2.45,146,9.78,5
141.57375,26.40083,141.56291,26.40944,1354.318925,126,5.8,0.66,2.25,212.9,9.85,5
141.61667,26.57389,141.60417,26.57556,1361.90729,317,13.7,2.39,1.64,196.5,10.32,1
141.625,26.29167,141.63376,26.29722,1354.448158,328,4.9,1.03,2.57,212.5,10.04,5
141.63,26.88722,141.62582,26.88722,1359.46545,93,5,0.29,2.22,205.3,9.5,1
141.65417,26.57361,141.66042,26.58583,1362.34271,145,14.4,1.36,1.54,194.9,10.06,1
141.67969,26.58924,141.66063,26.58577,1362.35404,273,7,0.38,1.75,194.9,9.51,2
141.83548,25.77952,,,1392.78007,111,9.9,0.96,2.18,89.2,9.26,4
141.85547,25.84082,141.89428,25.84941,1392.53592,108,17.4,1.61,1.48,90,9.48,3
141.85547,26.00672,141.86776,26.01436,1331.80594,79,17.5,0.52,0.93,309.4,10.07,3
141.96533,26.8189,141.9466,26.82145,1317.43217,97,6.3,0.2,2.94,366.5,9.78,3
141.96834,25.95528,141.96625,25.94917,1387.4224,62,8.2,0.6,2.07,105.7,9.2,5
142.00415,26.32472,141.99792,26.32445,1358.61157,230,6.9,1.45,2.22,208.4,9.97,1
142.01082,26.51694,142.01041,26.51583,1362.89172,241,11,1.51,1.5,192.9,10.11,1
142.03125,26.96528,142.05974,26.92535,1317.43217,114,23.8,1.61,1.83,366.5,10.67,3
142.05916,26.33111,142.06999,26.32695,1358.64189,129,5.9,1.26,2.2,208.3,9.93,1
142.11914,26.04823,142.12382,26.01275,1417.19413,99,12.1,0.87,2.08,10.1,7.32,3
142.15927,26.21448,,,1417.04154,121,5,0.36,1.23,9.2,6.86,4
142.18506,26.23522,,,1395.8318,120,9.1,0.41,1.15,81.1,8.8,4
142.18548,26.0268,142.21385,26.04205,1335.3765,308,41.4,2.83,1.08,295.6,10.74,3
142.25098,26.00672,142.20466,25.98461,1379.77958,103,5.4,0.2,1.02,133.4,8.92,3
142.30209,26.44528,142.30209,26.44528,1360.50281,279,11.7,1.21,1.94,201.6,10.01,1
142.30917,26.79778,142.31168,26.79611,1357.77607,227,10.7,1.83,1.64,211.5,10.06,1
142.31401,26.02481,,,1372.15018,90,15.7,1.77,2.91,159.9,10.03,4
142.31401,26.02481,142.36221 ,26.00099 ,1355.9835,181,8.6,1.63,0.46,218,10.26,3
142.33887,26.17286,142.38257,26.13763,1331.50077,89,8.8,0.22,1,310.6,9.68,3
142.55859,26.17286,142.55783,26.21234,1363.63578,99,6.2,0.23,1.07,190.3,9.28,3
142.5704,26.63778,142.57291,26.64167,1358.27378,304,16.7,2.56,1.74,209.7,10.4,1
142.60791,26.83806,142.60167,26.82833,1343.046477,329,4.7,1.12,2.97,250.6,10.22,5
142.72626,25.75694,142.7225,25.74944,1387.386238,284,11.5,1.85,2.12,105.9,9.69,5
142.76041,26.82389,142.75667,26.81972,1361.87247,410,7.2,1.99,1.23,196.6,10.2,1
142.88667,26.20472,142.89499,26.21056,1396.3467,84,6.3,0.66,1.27,77.3,8.92,1
143.09917,27.00417,143.10335,27.00361,1374.05432,141,10.2,1.25,2.88,153.3,9.87,1
143.20584,26.625,143.20375,26.61972,1385.273985,97,6.7,0.62,2.06,112.6,9.27,5
143.53082,26.03667,143.52124,26.02667,1373.526895,136,8.4,0.91,2.07,150.2,9.68,5
143.74707,25.92167,143.74916,25.91861,1374.142994,362,11.2,2.15,2.25,148.2,10.05,5
143.74707,25.82917,143.74625,25.82556,1401.934171,62,4.7,0.41,2.46,58.4,8.52,5
143.87695,26.46417,143.89565,26.44974,1362.35404,109,10.3,0.49,1.67,194.9,9.63,3
143.88582,27.04389,143.89041,27.05722,1381.86552,94,8.3,1.12,3.15,126.2,9.5,1
143.94287,26.11053,143.91206,26.08996,1363.3306,83,7.9,0.26,1.1,191.4,9.34,3
144.14062,26.96528,144.16735,26.95835,1317.37113,118,14,1.33,2.08,366.7,10.59,3
144.19751,26.47917,144.20209,26.47556,1359.294885,329,6.5,1.14,2.18,196.5,10.02,5
144.29416,27.05667,144.29584,27.04194,1374.15623,90,13.2,1.9,3.02,152.9,9.47,1
144.29443,26.98621,144.30578,26.99141,1361.83524,100,21.3,1.13,1.69,196.7,9.99,3
144.31641,27.04902,144.28896,27.05485,1317.40165,116,12.3,1.28,3.25,366.6,10.8,3
144.33792,25.89917,144.33583,25.8975,1374.86562,247,9.2,1.64,2.21,150.4,9.92,1
144.38232,26.19364,144.40094,26.18877,1332.20267,111,11.2,0.41,1.02,307.9,9.93,3
144.43584,26.08917,144.41585,26.10528,1359.66065,111,5.4,0.4,1.27,204.6,9.66,1
144.56332,26.67889,144.57249,26.68472,1361.62443,310,11.8,1.62,1.73,197.5,10.15,1
144.58008,26.96528,144.58283,26.97078,1365.86356,87,11.5,0.74,1.94,182.3,9.75,3
144.60205,26.7771,144.64141,26.75623,1361.80472,100,10.2,0.43,1.52,196.9,9.58,3
144.646,26.98621,144.65483,27.00701,1333.69803,105,13.3,1.65,1.85,302.1,10.52,3
144.68666,26.46028,144.67584,26.45917,1360.932676,200,8.9,1.25,2.23,191.2,10.03,5
144.73541,26.4725,144.735,26.47361,1386.708533,83,9.1,0.82,2.2,108.1,9.35,5
144.76958,26.46222,144.77916,26.46972,1360.137181,434,8.3,1.79,2.22,193.8,10.2,5
144.81458,25.90306,144.81541,25.90472,1373.792769,209,6.7,0.91,2.11,149.3,9.68,5
144.82178,26.98621,144.81556,26.98076,1333.637,101,16.4,1.04,1.98,302.3,10.32,3
144.83499,26.145,144.83458,26.13722,1362.41675,259,10.7,1.78,2.16,194.7,10.18,1
144.86249,26.65111,144.86957,26.64472,1360.61576,129,6,0.76,2.17,201.2,9.8,1
145.08376,26.74833,145.08583,26.74917,1401.21379,158,12.6,2.59,1.97,61.3,9.28,1
145.10742,27.00714,145.12738,27.03056,1397.84598,83,8.6,0.55,1.86,72.4,8.83,3
145.17334,27.02808,145.15763,27.04297,1316.91337,79,7.9,0.31,2.47,368.6,9.97,3
145.19531,26.54753,,,1331.92801,109,10.1,0.29,1.03,309,9.78,4
145.20168,26.92028,145.21042,26.92528,1349.25076,93,8.7,0.62,1.95,242.9,9.99,1
145.21729,27.02808,145.20322,26.99638,1316.88285,75,12.5,0.7,2.45,368.7,10.31,3
145.23926,25.79938,145.25772,25.83503,1364.00199,45,7.2,0.76,2.29,188.9,9.79,3
145.32715,26.96528,,,1397.6934,80,14.2,0.67,1.74,72.9,8.91,4
145.34912,26.02747,145.38001,26.03416,1391.8035,56,7.4,1.23,1.72,92.5,9.38,3
145.41196,25.84161,145.42208,25.84688,1331.65336,73,8.7,0.5,1.71,310,10.05,3
145.43701,26.15208,145.47607 ,26.12961 ,1363.54423,77,12.6,0.48,1.05,190.6,9.59,3
145.44833,25.78583,145.44833,25.78555,1373.89926,239,17.7,7.33,3.82,153.8,10.66,1
145.45898,27.04902,145.4591,27.04514,1316.88285,88,14.3,1.06,2.68,368.7,10.5,3
145.45898,26.58924,145.45097,26.60777,1361.10282,127,5.8,0.41,3.76,199.4,9.89,3
145.48625,26.19167,145.49083,26.19028,1360.61576,170,9.9,0.58,2.27,201.2,9.81,1
145.50293,26.08976,145.52860 ,26.11560 ,1331.40922,72,13.2,0.49,1.11,311,10.01,3
145.51834,26.03917,145.51625,26.04472,1374.546639,224,7.2,1.09,2.25,146.9,9.74,5
145.63477,27.04902,145.64894,27.02091,1316.85233,85,16.8,1.14,2.91,368.8,10.53,3
145.70332,26.08083,145.70209,26.08,1381.05528,269,11.4,1.86,2.22,126.1,9.84,5
145.80458,26.35361,145.79791,26.36194,1360.354437,177,5,0.62,2.07,193.1,9.74,5
145.92123,26.33611,145.91666,26.3425,1360.28132,453,8.2,2.12,2.77,202.4,10.3,1
146.03027,27.00714,146.0446,27.03391,1365.52787,68,5.2,0.2,1.9,183.5,9.2,3
146.07251,26.66417,146.06958,26.66778,1359.711561,411,5.7,1.16,2.21,195.2,10.02,5
146.15627,26.19028,146.15791,26.18972,1387.99152,262,11.4,1.28,2.38,105.3,9.51,1
146.20605,26.17286,,,1392.26127,92,8.2,0.58,1.31,90.9,9.05,4
146.25,27.04902,146.25245,27.06495,1377.918,88,7.5,0.8,2.65,139.8,9.55,3
146.25,26.17286,146.22175,26.15783,1367.20634,112,9.9,0.35,1.41,177.5,9.4,3
146.28041,25.78639,146.27083,25.77583,1401.717275,132,4.6,0.65,2.74,59.2,8.73,5
146.40381,26.11053,146.42372,26.08711,1359.63798,205,19.6,0.97,1,204.7,9.96,2
146.51367,26.17286,146.4905,26.21504,1367.20634,141,7.3,0.2,1.75,177.5,9.17,3
146.60156,26.96528,146.64652,26.94119,1317.06595,179,8.3,0.99,1.98,368,10.47,3
146.66748,26.98621,146.6493,26.94131,1316.9744,112,13.1,0.89,1.76,368.3,10.42,3
146.68945,25.79938,146.72197,25.7924,1380.512,139,13.5,1.16,2.14,130.8,9.66,3
146.71143,25.94448,146.68074 ,25.93567 ,1396.74735,116,23.6,1.38,1.34,76,9.27,3
146.75537,25.86154,146.76807,25.86195,1412.83011,99,13.3,0.84,2.19,23.9,8.05,3
146.88721,26.31842,146.84494 ,26.35039 ,1349.9639,98,5,0.2,1.29,240.3,9.43,3
146.9751,26.31842,146.99284,26.31926,1349.90287,138,5.5,0.36,1.26,240.5,9.69,3
147.01251,26.66722,147.01208,26.65944,1397.22578,140,6.6,0.59,1.31,74.4,8.88,1
147.39207,25.82472,147.39749,25.81194,1359.99044,145,7.1,0.94,2.03,203.4,9.91,1
147.56836,26.96528,,,1397.6934,95,7.9,0.45,1.57,72.9,8.78,4
147.63428,26.15208,147.67273,26.12624,1366.96219,159,10.1,0.6,1.31,178.3,9.63,3
147.64626,25.78944,147.64249,25.79,1348.3926,427,7,2.11,2.19,246.1,10.4,1
147.65625,26.1313,,,1379.9932,122,11.8,0.45,1.01,132.6,9.26,4
147.87598,25.79938,147.86069,25.81856,1347.73612,67,13.9,0.72,2.19,248.6,9.99,3
147.91992,25.88227,,,1412.34183,82,5.9,0.24,1.92,25.4,7.56,4
147.98584,26.90252,147.98098,26.93529,1397.20511,127,7.1,0.46,1.44,74.5,9.05,3
148.05176,25.96522,148.03939,25.97713,1392.38334,102,10,0.43,2.02,90.5,8.91,3
148.11768,27.06996,148.12378,27.04692,1316.63871,95,20.4,1.68,2.85,369.7,10.7,3
148.13541,26.24139,148.13417,26.23139,1386.98857,144,8.9,0.97,2.36,108.7,9.43,1
148.31543,26.17286,,,1364.58182,128,11.5,0.73,1.06,186.9,9.76,4
148.3374,25.94448,148.31094,25.90797,1364.24613,101,9.6,0.52,1.98,188.1,9.62,3
148.3374,27.06996,,,1316.60819,96,10.9,1.12,3.31,369.8,10.67,4
148.38135,26.485,148.38928,26.45927,1361.56058,142,7.6,0.58,2.43,197.7,9.71,3
148.44727,27.04902,148.46127,27.03359,1332.50785,108,13.1,0.88,2.31,306.7,10.26,3
148.53542,27.07306,148.54707,27.07722,1359.6216,159,5.9,0.8,3.29,204.8,9.84,1
148.86475,26.02747,,,1380.38993,115,7,0.24,1.26,131.3,9.48,4
148.87917,26.44139,148.88792,26.44555,1389.758895,185,6.1,0.75,2.04,98.6,9.23,5
148.93066,26.33923,148.93513,26.29181,1349.87235,117,5.1,0.74,1.57,240.6,10,2
149.04053,26.11053,,,1396.68632,107,10.9,0.34,0.9,76.2,8.66,4
149.04126,26.98222,149.04375,26.98195,1393.58391,66,17.9,0.93,1.8,86.5,9.24,1
149.05959,26.70028,149.05292,26.69333,1344.02482,278,7.5,1.69,2.09,262.5,10.4,1
149.12842,25.903,149.09356,25.92244,1328.35746,303,26.1,2.49,2.15,322.9,10.76,2
149.12842,26.98621,149.1213,26.98727,1332.50785,102,20.9,1.12,1.75,306.7,10.37,3
149.14669,26.42246,149.17435,26.43075,1352.71049,91,8.7,0.94,2.73,230.1,10.07,3
149.25625,26.35823,149.27692,26.3544,1323.46702,91,34,4.88,3.88,342.3,11.1,3
149.26025,25.903,149.26190 ,25.87241 ,1328.29642,312,35,3.85,1.81,323.2,10.95,3
149.28223,26.50584,149.28795,26.49818,1350.02494,117,8.1,0.51,1.46,240.1,9.83,3
149.34814,25.903,149.36681,25.91739,1328.23539,314,21,1.69,1.97,323.4,10.92,3
149.37012,26.25601,149.37602,26.26024,1347.76664,100,8.2,0.27,1.99,248.4,9.57,3
149.39,25.94,149.38333,25.93917,1411.26078,71,9.6,0.63,2,28.9,8.09,1
149.41406,26.25601,149.38523,26.25996,1347.82767,126,9.8,1.09,1.93,248.3,10.18,3
149.43604,26.8189,,,1361.13333,109,11.2,0.38,1.6,199.3,9.54,4
149.43832,25.94333,149.43875,25.94278,1351.237592,160,7.5,1.02,2.39,223.4,10.08,5
149.47998,26.15208,149.51291,26.13928,1364.03251,109,11.3,0.52,1.11,188.8,9.62,3
149.62334,26.24361,149.61458,26.24722,1390.312472,202,4.7,0.65,2.15,96.9,9.16,5
149.63379,25.88227,,,1331.98905,194,6,0.37,2.52,308.7,9.07,4
149.66458,26.83,149.66708,26.83639,1364.70749,235,6.8,1.3,1.29,186,10,1
149.69971,26.8189,149.72349,26.82721,1348.59061,102,22.4,0.99,1.21,245.4,10.12,3
149.87549,26.15208,149.85536,26.15712,1363.91044,98,20.4,0.7,1.2,189.3,9.75,3
149.91943,26.98621,149.90027,26.96029,1332.44681,116,21.1,1.16,1.43,306.9,10.38,3
149.92917,26.16139,149.92709,26.17056,1384.03336,148,7.5,0.56,1.77,118.8,9.26,1
150.09521,27.02808,150.13972,27.05211,1332.62992,116,13.4,0.78,1.87,306.2,10.21,3
150.11719,26.88161,150.06552,26.88677,1316.48612,135,12.7,1.2,2.43,370.3,10.56,3
150.24902,27.04902,150.20314,27.02697,1316.66923,109,11,1.3,2.91,369.6,10.59,3
150.29297,26.96528,150.2856,26.96661,1316.57767,99,14.6,0.97,2.02,370,10.46,3
150.33691,26.96528,,,1316.63871,96,12.1,0.94,2.68,369.7,10.45,4
150.40283,26.94436,150.40666,26.92951,1417.52982,117,8.1,0.44,2.54,9,6.92,3
150.5127,26.96528,150.52275,26.97074,1316.76078,106,7.6,0.45,2.76,369.2,10.12,3
150.55664,27.04902,150.57038,27.07761,1316.66923,99,5.2,0.29,2.64,369.6,9.93,3
150.60059,26.88161,,,1349.56717,177,7,5.94,1.02,241.8,10.89,4
150.71045,26.36004,150.71223,26.33594,1328.11332,291,32.5,4.46,3.06,323.9,11.01,3
151.13208,26.6625,151.14458,26.66972,1365.861054,68,5.5,0.44,2.12,175.2,9.5,5
151.18208,25.98028,151.18875,25.97556,1391.089131,151,5,0.73,2.66,94.5,9.19,5
151.23779,26.6101,151.22336,26.60317,1333.36234,226,8.3,0.25,1.74,303.4,9.7,3
151.32568,26.52669,151.2873,26.55064,1333.39286,223,6.1,1.39,1.12,303.3,10.45,3
151.38374,25.79389,151.38333,25.79944,1395.16718,130,10.1,0.93,1.93,81.3,9.15,1
151.41357,26.6101,151.41433,26.59415,1362.14042,108,5.7,0.36,1.57,195.6,9.93,3
151.47949,26.71445,151.47196,26.68805,1333.08768,101,11.1,0.45,1.08,304.5,9.99,3
151.52344,26.75622,151.51718,26.76892,1332.96561,90,14,0.59,1.81,304.9,10.09,3
151.54541,26.52669,151.54508,26.51293,1333.27079,132,10.2,0.64,2.05,303.7,10.11,3
151.78711,26.1313,151.80676,26.09563,1391.71195,89,5.8,0.58,1.94,92.8,9.07,3
151.98486,26.36004,152.0289,26.33929,1362.20145,108,12.2,0.75,1.94,195.4,9.81,3
152.4525,27.09861,152.44499,27.105,1354.741176,289,5.8,1.11,2.5,211.8,10.07,5
152.49023,25.96522,152.48174,25.93889,1363.30009,148,5.9,0.23,1.78,191.5,9.27,3
152.55615,25.8201,152.55209,25.82878,1392.16971,77,10.1,0.54,3.23,91.3,9.02,3
152.55615,27.06996,,,1316.91337,67,6.4,0.86,4.35,368.6,10.5,4
152.73193,25.8201,152.74316,25.83106,1363.3306,111,14.1,1.08,4.69,191.4,9.95,3
153.07999,27.08972,153.07916,27.08889,1367.62456,88,5.5,1.6,2.38,176,10.04,1
153.75583,26.49611,153.75168,26.50056,1367.71237,396,7.2,1.42,2.21,169.2,9.98,5
153.85254,26.96528,153.89681,26.9683,1316.76078,124,9.1,0.82,3.19,369.2,10.39,3
153.94043,26.25601,153.93251,26.26057,1397.11356,108,17,0.8,1.1,74.8,9.01,3
154.02832,27.04902,154.01242,27.08782,1316.88285,134,10.1,0.84,2.84,368.7,10.4,3
154.2041,25.96522,154.17518,25.95381,1318.95804,352,15.8,0.67,1.08,360.3,10.28,2
154.29199,26.71445,154.32261,26.68366,1360.8892,115,24.7,1.97,1.43,200.2,10.25,3
154.31396,26.52669,154.29879,26.50189,1401.3555,115,16.2,0.66,1.17,60.9,8.75,3
154.33594,26.25601,,,1397.02201,122,12.8,0.4,1.02,75.1,9.04,4
154.42383,26.96528,154.43064,26.97796,1317.00492,85,10.1,0.82,2.45,368.2,10.39,3
154.46777,26.21443,154.47493,26.22513,1365.00907,102,6.1,0.47,1.18,185.3,9.56,3
154.48975,26.23522,,,1365.22269,115,6.8,0.2,1.66,184.6,9.16,4
154.63249,25.91389,154.63916,25.91333,1367.053745,194,8.1,1.11,2.17,171.4,9.89,5
154.70947,26.23522,154.68112,26.22332,1377.30765,140,6.7,55,1.76,141.9,9.4,3
154.90723,26.46417,154.91716,26.45178,1398.54789,112,17.2,0.75,1.21,70.1,8.93,3
154.9292,27.02808,154.94291,27.06434,1316.73026,92,10.9,0.89,2.9,369.3,10.42,3
155.03906,26.25601,155.06851,26.29648,1396.89994,112,17.6,0.68,1.22,75.5,8.95,3
155.19287,26.6101,155.18898,26.61569,1317.67631,127,16.4,4.33,4.78,365.5,11.4,3
155.19916,26.11028,155.19666,26.11167,1367.04541,15,11.6,0.26,2.09,178.1,9.29,1
155.21484,26.96528,155.26796,26.94013,1316.60819,89,7.7,0.45,2.6,369.8,10.5,3
155.31375,26.70361,155.31917,26.71083,1354.93097,94,6.9,1.25,3.12,221.9,9.98,1
155.4126,26.19364,,,1417.4993,118,12.9,1.35,1.8,9.1,7.54,4
155.43709,26.89806,155.4375,26.90055,1390.9319,95,7.5,1.06,2.43,95.4,9.4,1
155.45654,27.06996,155.45028,27.04557,1316.63871,81,10.9,0.78,5.37,369.7,10.37,3
155.50049,25.86154,155.50136,25.8726,1390.88798,195,14.7,1.78,1.77,95.6,9.57,3
155.50049,26.98621,155.48019,26.97472,1332.75199,108,11,0.5,1.9,305.8,10.01,3
155.50209,25.87667,155.50125,25.8725,1390.79117,167,13.5,1.52,1.77,95.9,9.6,1
155.52246,26.96528,155.51876 ,26.97272 ,1316.57767,86,18.2,1.26,1.93,370,10.58,3
155.54443,26.69357,155.55479,26.65114,1333.60648,127,7.3,0.67,1.82,302.4,10.13,3
155.56641,25.84082,155.59322,25.8191,1363.54423,124,15.5,1.06,1.48,190.6,9.94,3
155.58424,26.14915,155.59169,26.14475,1322.83378,240,7,0.2,1.7,344.8,9.75,3
155.61035,26.96528,155.59521,26.95391,1316.60819,90,16.3,1.06,2.17,369.8,10.5,3
155.72021,26.27681,155.68249,26.29801,1417.52982,34,7.1,0.65,1.7,9,7.09,3
155.74219,26.25601,,,1380.48148,96,11,0.41,1.29,131,9.42,4
155.89499,25.80222,155.89708,25.80583,1356.329123,287,5.3,0.88,2.21,206.6,9.95,5
155.93994,26.6101,155.93096,26.63464,1361.37748,108,16.8,0.76,1.3,198.4,9.83,3
155.96083,26.21278,155.95917,26.21722,1397.23952,163,13.8,0.8,1.95,74.4,9.01,1
156.02783,25.86154,156.02863,25.85506,1363.36112,93,10,0.92,2.38,191.3,9.88,3
156.08998,26.94305,156.09874,26.94583,1396.92805,162,9,1.38,1.83,75.4,9.25,1
156.10249,25.94139,156.10333,25.94305,1356.182255,256,4.8,0.76,2.2,207.1,9.89,5
156.20361,26.69357,156.21884,26.69448,1397.81547,160,15.4,0.8,1.27,72.5,8.99,3
156.24756,26.52669,,,1333.02665,119,15.1,0.53,1.3,304.7,10.24,4
156.37939,26.90252,156.39472,26.90718,1316.82181,103,10.5,0.66,2.7,369,10.29,3
156.42334,26.69357,156.40564,26.66584,1397.75443,162,31.2,1.61,1.53,72.7,9.29,3
156.43791,26.66278,156.44,26.66444,1368.0856,108,6.5,0.33,1.9,174.3,9.35,1
156.59912,26.90252,156.61623,26.91535,1397.8765,103,12.2,0.53,1.49,72.3,8.8,3
156.68701,26.52669,156.65203,26.49703,1348.8652,160,15,0.28,1.51,242.3,9.59,3
156.76958,26.86222,156.75958,26.86111,1353.66553,85,6.5,0.73,1.08,226.6,9.75,1
156.81708,26.54444,156.82167,26.53333,1391.111854,358,4.9,1,2.44,94.5,9.32,5
156.86279,27.06996,156.88618,27.0692,1317.09647,73,12.9,1.11,5.98,367.8,10.52,3
156.88477,26.25601,,,1396.86942,109,10.8,0.54,1.21,75.6,9,4
157.09958,25.88111,157.08916,25.86806,1349.003083,290,6,1.24,2.71,231,10.19,5
157.12646,26.52669,157.133,26.53709,1348.83475,169,20.6,0.81,1.03,244.5,10.03,3
157.17041,26.7771,157.21679,26.79295,1395.89286,177,31.6,2.05,1.29,78.9,9.47,3
157.19238,27.00714,157.19171,27.0042,1410.87699,74,11.2,0.58,1.94,30.1,8.09,3
157.20833,27.01111,157.20833,27.00778,1410.9477,84,8.6,0.55,1.95,29.9,8.16,1
157.21436,26.52669,157.25798,26.51084,1332.81302,127,21.9,0.89,1.08,305.5,10.26,3
157.21707,26.79639,157.21666,26.79278,1396.07679,192,31.8,3.68,1.78,78.2,9.71,1
157.22249,26.33306,157.21957,26.33583,1390.29203,210,18.8,3.31,2.47,97.6,9.86,1
157.28027,26.1313,157.31996 ,26.11530 ,1414.84427,130,8.7,0.3,1.19,17.5,7.22,3
157.28375,26.90417,157.27667,26.91055,1417.35843,21,6.9,0.52,4.35,9.5,6.8,1
157.32251,26.09778,157.32042,26.09833,1396.722,460,34.2,7.25,2.3,76.1,9.98,1
157.58583,26.27222,157.5825,26.26889,1390.80479,164,33.1,3.9,2.18,95.8,9.91,1
157.63184,26.6727,157.6265,26.70103,1349.17045,105,20.9,1.16,1.25,243.2,10.19,3
157.63184,26.25601,157.6297,26.27341,1395.83182,112,14.6,0.58,1.16,79.1,8.92,3
157.63184,26.29761,157.64388,26.31891,1398.3953,83,8.1,0.29,0.91,70.6,8.52,3
157.69775,26.27681,157.68058,26.3018,1363.60526,91,9.9,0.37,1.08,190.4,9.49,3
157.73792,25.91556,157.73541,25.91222,1354.573106,284,7.2,1.19,2.2,212.5,10.1,5
157.78564,26.23522,157.78002,26.26663,1331.2261,137,8.4,0.48,1.44,314.8,10.05,3
157.79584,25.87722,157.77333,25.88278,1391.243658,121,5.2,0.55,2.14,94.1,9.06,5
157.81624,25.87306,157.81624,25.86056,1391.652866,299,10.1,1.72,2.2,92.8,9.54,5
157.85156,25.84082,157.85817,25.88636,1391.04056,131,6.8,0.45,2.98,95,8.97,3
157.85156,26.25601,,,1395.77079,122,7.7,0.43,1.16,79.3,9.05,4
157.87354,26.90252,157.85011,26.86306,1333.51493,111,6.9,0.66,2.15,302.8,10.13,3
157.87354,26.52669,,,1333.17924,97,22.4,0.92,1.16,304.1,10.27,4
157.91165,25.98278,157.91208,25.98333,1391.10445,455,29.4,2.34,2.2,94.8,9.78,1
158.04932,26.52669,158.04529 ,26.48356 ,1333.33182,127,11.8,0.5,1.76,303.5,10.23,3
158.2251,27.02808,158.20903 ,27.03597 ,1381.94633,110,17.2,1.59,2.53,125.9,9.76,3
158.2251,26.94436,158.20573,26.93037,1317.31009,99,12,1,2.4,367,10.47,3
158.29584,26.96667,158.28835,26.96417,1363.21,367,16.5,3.23,2.56,191.8,10,1
158.31299,26.6101,,,1365.46683,109,7.6,0.37,1.64,183.7,9.62,4
158.35693,25.903,158.35104,25.87565,1332.11112,216,5.8,1.89,1.27,308.2,10.59,3
158.4668,25.79938,158.45851,25.81974,1364.09354,90,7.2,0.56,1.94,188.6,9.65,3
158.48877,26.11053,158.50225,26.10848,1391.65092,92,6.2,0.2,1.43,93,8.61,3
158.68652,26.88161,158.69044,26.88535,1349.29252,121,15.1,0.83,1.94,242.8,10.04,3
158.71457,26.66694,158.705,26.66528,1395.11236,131,6.4,0.8,2.23,81.4,9.01,1
158.77457,26.01472,158.77542,26.01583,1342.89815,427,5.7,1.73,2.48,266.8,10.4,1
158.7825,26.86306,158.79124,26.86695,1358.421,220,7.4,1.21,2.19,209.1,10.11,1
158.82494,26.83799,,,1361.408,75,9.5,1.01,1.74,198.3,9.95,4
158.90125,26.25417,158.8954,26.25805,1352.61709,340,8.4,1.5,2.27,230.4,10.2,1
158.92958,26.12833,158.92499,26.12583,1413.80329,84,21.9,1.7,2.18,20.9,8.33,1
159.00334,26.10417,159.00626,26.10722,1350.79908,149,5.4,0.67,2.21,237.2,9.82,1
159.01611,25.94448,158.98341,25.95133,1347.94974,93,13.6,0.84,1.71,247.8,10.06,3
159.03809,26.92344,159.03054,26.90663,1397.38822,88,13.9,0.65,1.7,73.9,8.91,3
159.06006,25.94448,,,1364.15458,85,6,0.24,2.03,188.4,9.29,4
159.38292,26.70389,159.38541,26.69611,1360.24658,153,13.8,2.45,2.65,202.5,9.75,1
159.48375,25.94194,159.4825,25.92861,1395.02559,20,7.8,0.31,2.39,81.7,8.81,1
159.63376,26.66139,159.62709,26.66055,1361.111029,215,6.5,0.96,2.22,190.9,9.92,5
159.74292,26.20639,159.74707,26.21611,1361.70275,178,6.8,0.45,2.16,197.2,9.89,1
159.74916,26.97528,159.73625,26.96917,1398.862354,70,6.4,0.5,2.06,68,8.74,5
159.76318,26.02747,159.73483,26.02875,1331.74491,92,7.9,0.3,1.67,309.7,9.8,3
159.78516,26.63096,,,1402.66776,114,6.7,0.26,1.67,56.6,9.12,4
159.80713,26.31842,159.76867,26.29924,1343.0059,98,15.6,1,1.59,266.4,10.2,3
159.93208,26.72861,159.92667,26.72722,1393.39252,216,15,0.96,2.22,87.2,9.16,1
159.94666,26.99306,159.93958,26.99139,1364.67253,174,7.3,0.76,1.97,186.5,9.77,1
159.98291,26.56838,159.97717,26.55964,1362.17093,116,19.7,1.69,1.5,195.5,10.16,3
160.02686,26.8189,160.01191,26.78577,1402.21,128,17.6,1.93,1.6,58.1,9.18,3
160.0475,26.50833,160.04083,26.49917,1355.867027,129,5.6,0.62,2.17,208.2,9.8,5
160.12917,26,160.13167,26.00167,1361.25035,300,5.5,1.23,2.41,198.9,10.04,1
160.26855,26.33923,160.24668,26.32778,1336.96342,248,6.2,0.2,2.7,289.5,9.57,3
160.28459,25.97778,160.28082,25.97361,1392.13611,95,7.4,0.25,1.89,91.4,8.71,1
160.57458,26.50417,160.565,26.49889,1353.729077,236,5.4,0.86,2.32,215.3,9.97,5
160.58167,26.52944,160.56459,26.52361,1353.729077,235,5.3,0.84,2.28,215.3,9.96,5
160.70082,26.53639,160.69791,26.54222,1353.367673,287,5.2,1.17,2.97,216.5,10.11,5
160.72041,25.74667,160.71208,25.7375,1378.792578,203,9.4,1.31,2.18,133.6,9.74,5
161.00667,26.43278,161.00792,26.435,1390.712048,213,12.6,1.78,2.16,95.8,9.59,5
161.01208,26.06222,161.02374,26.06139,1347.98738,194,10.3,0.86,2.68,247.6,10.07,1
161.13583,26.085,161.13126,26.085,1392.112374,118,6.5,0.7,2.22,91.4,9.14,5
161.15791,26.18333,161.15459,26.18167,1391.40425,447,16.8,6.94,2.18,93.8,10.14,1
161.18287,26.62904,161.19604,26.63484,1405.48301,77,20.2,1.17,1.64,47.4,8.79,3
161.45125,25.79806,161.45291,25.79667,1390.70493,168,8.2,1.06,2.48,96.1,9.35,1
161.53291,25.9025,161.53082,25.90417,1390.96369,334,7.8,2.96,2.13,95.3,8.61,1
161.54791,26.72889,161.54707,26.73278,1367.42268,248,15.7,2.56,2.22,176.7,10.53,1
161.58691,26.96528,161.62961,26.96625,1397.51029,101,13.8,0.85,1.99,73.5,9.03,3
161.61792,26.59889,161.61375,26.59167,1392.00423,239,11.5,1.2,2.11,91.8,9.37,1
161.67708,25.92778,161.67749,25.93111,1392.01787,368,7.4,0.86,2.03,91.8,9.22,1
161.7025,26.29972,161.70708,26.30833,1391.05904,116,5.9,0.56,2.41,94.9,9.06,1
161.76459,26.54944,161.76125,26.54333,1391.29976,242,51.7,8.22,2.31,94.2,10.22,1
161.78467,26.52669,161.78059,26.54038,1361.77421,58,6.9,0.28,1.68,197,9.39,3
161.85059,26.21443,161.8535,26.21598,1331.62284,71,6.9,0.24,1.98,310.2,9.7,3
161.87256,26.485,161.81935,26.49606,1342.45658,144,35.1,1.72,1.35,268.5,10.45,3
161.91293,26.29028,161.91417,26.29472,1390.0834,422,32.2,7.15,2.2,98.3,9.28,1
161.9165,26.65183,161.90972,26.65113,1349.71976,160,6.4,0.4,1.33,241.2,9.74,3
161.93791,26.73528,161.93459,26.74583,1369.833056,406,7.7,1.53,2.18,162.5,9.98,5
161.96709,26.25472,161.96877,26.25111,1389.740752,282,11.2,1.84,2.19,98.9,9.63,5
162.04416,26.16306,162.04416,26.16389,1403.10546,112,17.1,1.73,2.05,55.1,9.1,1
162.04834,26.19364,,,1403.06449,365,10.5,0.74,2.59,55.3,8.86,4
162.05792,26.61139,162.05167,26.60222,1366.9884,248,13.5,1.86,2.18,178.3,10.12,1
162.09875,26.41694,162.09834,26.41278,1391.218,160,13,1.87,2.12,94.4,9.37,1
162.11833,26.585,162.11417,26.58389,1391.23162,133,69.5,10.89,2.23,94.4,10.34,1
162.1582,26.8398,,,1349.41459,153,5.6,0.64,1.84,242.3,9.93,4
162.16376,26.78278,162.14751,26.79083,1390.20585,51,13.7,1.36,2.06,97.8,9.48,1
162.17917,26.05167,162.18375,26.05361,1385.15359,155,13.6,1.57,2.17,114.9,9.05,1
162.18018,26.65183,162.19312,26.62684,1350.23856,238,18.5,1.87,1.86,239.3,10.38,3
162.19667,26.75917,162.19458,26.76972,1390.55971,165,12.4,2.06,2.16,96.7,9.66,1
162.35974,26.81649,162.39871 ,26.81064 ,1316.99729,105,5.3,0.94,2.65,368.2,10.48,3
162.37042,26.01833,162.36792,26.01528,1389.083402,121,11.1,1.14,2.08,101,9.44,5
162.37166,26.02278,162.37042,26.03944,1390.003867,512,7.3,2.03,2.44,98.1,9.66,5
162.42188,26.38086,,,1402.08793,82,6.1,0.28,1.36,58.5,8.34,4
162.53415,26.45528,162.53166,26.45667,1391.43151,203,9.5,1.93,2.2,93.7,9.46,1
162.59457,26.73806,162.59457,26.73472,1390.4009,162,14.9,4.23,2.16,97.2,9.96,1
162.61624,26.34917,162.62125,26.34278,1391.74508,270,6.3,1.2,2.84,92.7,9.4,1
162.6479,26.39861,162.63416,26.40444,1347.54405,206,5,0.34,2.1,249.3,10,1
162.68555,26.54753,162.64735 ,26.56697 ,1361.83524,93,8.9,0.3,1.58,196.7,9.42,3
162.70752,26.56838,,,1361.86576,92,11.1,0.31,1.06,196.6,9.85,4
162.72949,27.00714,162.72982,27.03083,1317.27958,97,18.4,0.98,2.42,367.1,10.46,3
162.86133,25.96522,,,1392.10868,109,5.9,0.21,1.91,91.5,8.66,4
162.8833,26.90252,162.91363,26.88558,1333.48441,80,10.9,0.79,2.7,302.9,10.2,3
162.97119,26.6101,163.02903,26.62547,1357.7764,115,13.6,1.51,2.07,211.5,10.43,3
162.99316,26.92344,162.99453,26.92806,1398.09012,124,22.6,1.47,1.62,71.6,9.24,3
163.05833,26.01333,163.05792,26.00945,1390.32378,239,13.5,2.22,2.33,97.4,9.69,1
163.18903,26.19558,163.21107,26.20659,1323.13895,208,32,3.73,2.19,343.6,10.98,3
163.23486,26.485,163.24784,26.47303,1413.25736,66,23.8,0.83,1.09,22.5,8.15,3
163.24875,26.46861,163.24751,26.47278,1413.30624,63,20.3,1.23,2.22,22.3,8.25,1
163.27881,26.44333,163.31199,26.45872,1413.25736,64,16.9,0.83,1.1,22.5,7.99,3
163.27881,26.56838,163.29415 ,26.61496 ,1361.86576,119,8.5,0.44,1.06,196.6,9.77,3
163.3125,25.89806,163.31125,25.89694,1391.04542,187,29.5,5.14,2.42,95,9.99,1
163.41064,26.6101,163.41389,26.57948,1349.87235,282,9.4,0.82,1.68,240.6,10.03,3
163.41417,26.90833,163.41083,26.90944,1390.97731,271,12.2,2.77,2.51,95.3,9.76,1
163.43262,27.09091,163.456,27.09816,1316.9744,90,6.8,0.37,3.66,368.3,10.04,3
163.455,26.69194,163.46083,26.69778,1390.03805,101,7.2,0.6,2.2,98.4,9.12,1
163.54248,26.65183,,,1361.74369,82,9.6,0.25,1.65,197.1,9.64,4
163.56445,26.75622,163.59549,26.78835,1361.408,139,15.5,0.71,1.16,198.3,9.8,3
163.6084,25.96522,163.60239,25.97197,1364.15458,136,13.9,0.87,1.55,188.4,9.84,3
163.6084,26.75622,163.63161,26.7556,1361.53007,108,15.7,0.57,1.37,197.9,9.7,3
163.6084,26.17286,163.56173,26.2079,1364.79545,116,6.8,0.25,1.33,186.1,9.29,3
163.69629,26.04823,163.70188,26.04987,1392.3223,182,5.6,0.21,1.9,90.7,8.61,3
163.71333,26.98389,163.71167,26.98361,1375.76671,301,24.5,5.05,2.45,147.3,10.4,1
163.76221,25.94448,,,1392.1392,92,7.1,0.38,1.69,91.4,9.13,4
163.78418,26.6727,163.81978,26.64548,1361.80472,94,8.5,0.38,1.31,196.9,9.52,3
163.89404,26.31842,163.88274,26.34807,1364.76493,99,5,0.2,1.32,186.2,9.21,3
163.95996,26.58924,163.97081,26.57913,1362.04886,117,28.1,1.87,1.73,196,10.21,3
163.97626,26.57639,163.97083,26.57889,1390.15142,294,12,2.15,2.56,98,9.68,1
164.11377,27.06996,164.09294,27.06677,1316.9744,79,11.8,0.88,3.37,368.3,10.42,3
164.17969,26.33923,164.16836,26.33117,1337.05497,170,15.4,1.67,3.88,289.1,10.49,3
164.19876,26.86611,164.19876,26.86528,1408.52717,145,15.6,1.57,2.36,37.6,8.73,1
164.22363,26.92344,164.23263,26.94945,1397.96805,154,14.1,0.94,1.5,72,9.05,3
164.22363,26.33923,,,1337.17704,173,9.9,2.29,1.66,288.6,10.63,4
164.26758,26.92344,,,1381.85477,136,10.4,0.73,1.82,126.2,9.42,4
164.32458,26.34028,164.32417,26.34417,1373.11565,112,8,1,4.06,156.6,9.97,1
164.3335,25.8201,164.30875,25.82987,1392.26127,87,6.8,0.53,3.2,90.9,9.21,3
164.33749,26.81861,164.33875,26.82195,1390.29203,231,10.8,2.73,1.95,97.6,9.77,1
164.39841,26.21454,,,1355.73173,121,6.6,0.26,2.44,218.9,9.47,4
164.49666,26.64806,164.49916,26.63889,1390.248925,175,8.2,1.2,2.47,97.3,9.43,5
164.505,26.85861,164.50749,26.85556,1359.57822,132,6.4,1.15,1.69,204.9,10.19,1
164.50928,27.06996,164.50771,27.09068,1317.03544,85,10.7,0.8,4.15,368.1,10.37,3
164.54875,26.83167,164.54124,26.83389,1361.52001,115,6.7,0.39,1.89,197.9,9.53,1
164.56915,26.53361,164.55583,26.51805,1357.046645,137,4.6,0.57,2.35,204.3,9.75,5
164.5752,26.29761,164.58723,26.27168,1308.49051,123,7.3,1.5,3.3,403,10.72,3
164.66309,26.71445,164.67573,26.73919,1362.1099,89,10.8,0.55,1.55,195.8,9.67,3
164.76995,26.19427,164.79206,26.17148,1307.20878,137,12.7,1.13,2.01,408.4,10.61,3
164.77112,26.36137,164.72942,26.36872,1390.08689,155,13.8,2.09,3.23,98.2,9.67,3
164.79928,26.80011,164.80392,26.84273,1357.01346,96,15.5,0.92,1.37,214.3,9.98,3
164.88281,26.92344,,,1397.57133,122,10.7,0.39,1.43,73.3,9,4
164.92751,26.59333,164.90791,26.6025,1358.78053,249,5.1,1.12,1.9,207.8,9.97,1
164.96167,25.78528,164.96124,25.79167,1366.851893,59,6,0.64,3.08,172.2,9.65,5
165.03662,26.8607,165.05161,26.82792,1357.10502,85,13.1,0.74,1.87,213.9,9.88,3
165.03662,26.98621,165.01976,26.98122,1397.51029,89,10,0.66,1.92,73.5,8.91,3
165.12875,26.98722,165.11667,26.975,1391.461872,181,5,0.64,2.12,93.4,9.12,5
165.16846,26.6101,165.16173,26.65429,1317.73734,102,13.6,2.38,4.15,365.3,11.21,3
165.17041,26.68056,165.17708,26.68333,1391.11808,115,9.3,1.04,2.15,94.8,9.33,1
165.18699,26.33998,165.19035,26.34137,1369.25101,178,30,3.3,1.8,170.2,10.35,3
165.23438,26.33923,165.19223,26.32827,1337.42118,152,5.9,0.2,2.52,287.7,9.56,3
165.23438,26.63096,165.21734,26.58416,1317.67631,87,7.5,1.65,3.62,365.5,11.03,3
165.25635,26.31842,165.26255 ,26.32585 ,1345.05057,44,5,0.2,1.2,258.7,9.5,3
165.41016,26.96528,165.42284,26.97525,1316.69974,83,10.8,0.7,2.43,369.5,10.32,3
165.43542,26.31833,165.43166,26.31278,1389.97004,150,9.3,1.07,2.15,98.6,9.33,1
165.44666,26.05444,165.44833,26.05333,1359.47846,202,11.5,0.96,2.45,205.3,9.99,1
165.48209,26.44,165.47624,26.44194,1391.15895,231,8,1.72,2.26,94.6,9.41,1
165.54333,26.15417,165.53917,26.1525,1391.16804,170,7.5,0.88,2.04,94.6,9.36,1
165.5625,26.9,165.55917,26.90139,1391.361849,166,4.7,0.49,1.8,93.8,9.01,5
165.57959,26.90639,165.595,26.90417,1379.93234,98,13.5,1.28,1.83,132.8,9.61,1
165.73795,26.19364,165.69811,26.20134,1319.4463,93,5,0.54,2.05,358.4,10.18,2
165.89355,26.6727,165.89189,26.65528,1362.04886,102,8.5,0.31,1.26,196,9.43,3
165.91553,26.7771,165.88749,26.76926,1361.10282,147,21.6,1.2,1.42,199.4,10.14,3
165.99834,26.32806,165.99918,26.33333,1390.80025,27,14,1.27,2.14,95.8,9.4,1
166.00342,26.40168,,,1398.42582,170,6.5,0.23,1.37,70.5,8.42,4
166.00417,25.90389,166.00041,25.89278,1389.46695,156,6.6,0.54,2.07,100.3,9.09,1
166.06934,25.96522,166.07586,25.98875,1364.58182,135,11.8,0.84,1.68,186.9,9.82,3
166.24512,26.63096,166.27468,26.60719,1365.83304,120,8.8,0.58,1.48,182.4,9.66,3
166.2727,26.60793,166.27468,26.60719,1402.36259,90,23.5,2.32,2.71,57.6,9.25,3
166.43457,26.45389,166.44083,26.46056,1358.423296,245,6.8,1.17,2.45,199.8,10.04,5
166.57471,26.6101,166.58722,26.60418,1365.55839,114,8.7,0.67,2.09,183.4,9.7,3
166.65791,26.87861,166.66084,26.88833,1359.42208,267,9.4,1.59,2.01,205.5,10.1,1
166.70654,26.69357,166.6877,26.69748,1397.81547,129,15.3,0.73,1.2,72.5,8.95,3
166.73416,26.90944,166.73834,26.90833,1414.93937,51,6.2,0.3,1.63,17.2,7.6,1
166.77209,26.15194,166.77209,26.15055,1390.01992,114,14.2,1.93,2.33,98.5,9.58,1
166.81332,26.14028,166.82249,26.12944,1389.9247,131,17.5,2,2.24,98.8,9.65,1
166.86667,26.90333,166.86583,26.90306,1358.10062,276,7,1.08,2.2,210.3,10.03,1
166.89667,26.83111,166.89084,26.8325,1390.00178,144,7.7,1.24,3.73,98.5,9.44,1
166.99219,26.6727,167.00375,26.64491,1332.87406,132,18.1,0.63,1.45,305.3,10.48,3
166.99219,26.63096,166.99761,26.60676,1365.34476,130,14.3,0.93,1.38,184.1,9.85,3
167.02415,26.63472,167.03,26.64722,1356.93727,167,7,1.57,2.27,214.5,10.21,1
167.02415,26.73111,167.01958,26.73361,1357.52519,288,15.5,2.32,1.9,212.4,10.12,1
167.16,26.43972,167.16042,26.45833,1367.53239,108,6.3,0.66,2.1,176.3,9.75,1
167.16797,26.6727,167.17947,26.65811,1349.0178,102,8,0.2,1.34,242.1,9.44,3
167.21457,26.44083,167.20876,26.42583,1367.17225,60,4.9,0.4,2.31,171.1,9.44,5
167.23375,26.33445,167.23167,26.33778,1367.602555,130,6.1,0.74,2.38,169.7,9.7,5
167.23541,26.61278,167.23126,26.61056,1389.97911,480,69.8,18.62,2.1,98.6,10.5,1
167.24416,26.59306,167.23834,26.59583,1368.40631,174,22.5,6.95,4.64,173.2,10.59,1
167.25586,26.00672,167.30627,25.98628,1331.86698,72,12.1,0.59,1.85,309.2,10.09,3
167.25749,26.31,167.27292,26.30139,1367.14629,210,15.2,0.65,2.09,177.7,9.66,1
167.27957,26.95695,167.28624,26.97056,1356.76877,95,5.1,0.43,2.17,215.2,9.57,1
167.34375,26.54753,,,1397.29667,123,14,0.24,1.21,74.2,8.85,4
167.49756,26.98621,167.49502,26.97136,1316.42509,95,12.8,1.24,2.85,370.6,10.57,3
167.60742,26.50584,167.64017,26.51819,1332.4163,156,12.7,0.57,1.08,307.1,10.08,3
167.60742,27.00714,167.62685,27.00002,1332.4163,113,21.7,1.43,2.03,307.1,10.47,3
167.62939,26.6101,167.66077,26.60965,1332.56888,127,27.5,1.41,1.79,306.5,10.46,3
167.69458,26.37139,167.69792,26.375,1362.60494,207,6.2,0.86,2.17,186.1,9.85,5
167.75749,25.9075,167.75917,25.90667,1364.81676,497,16.7,2.65,2.13,186,10.32,1
167.7579,26.48361,167.77333,26.49583,1363.054189,50,4.5,0.31,2.16,184.6,9.4,5
167.77292,26.30083,167.77209,26.30222,1389.68899,177,5,0.45,2.01,99.6,9.07,1
167.82542,26.95389,167.79707,26.96083,1356.27648,157,11.2,1.8,2.42,217,10.29,1
167.82715,26.54753,167.80383,26.51614,1396.86942,137,17.3,0.67,1.19,75.6,8.95,3
167.87582,26.16861,167.87625,26.17056,1366.33531,310,11.5,1.98,2.05,180.6,10.16,1
167.87812,26.33749,167.87582,26.34872,1390.00297,174,14.9,2.08,3.65,98.5,9.68,3
167.90166,26.21334,167.90875,26.21278,1367.242486,113,5.1,0.51,2.08,170.9,9.55,5
167.91541,26.29333,167.91251,26.31111,1367.492758,74,6.9,0.59,2.2,170.1,9.6,5
168.00293,27.00714,,,1377.12455,86,19.3,1.23,1.72,142.6,9.76,4
168.11279,26.7771,168.08749,26.7803,1332.23319,103,23,0.92,1.27,307.8,10.28,3
168.11583,25.93389,168.11874,25.93,1366.544842,287,5.5,0.88,2.1,173.2,9.79,5
168.18958,25.86639,168.18083,25.86389,1355.120564,176,5.2,0.69,2.25,210.7,9.86,5
168.19958,25.91778,168.19875,25.91805,1376.90029,177,7.5,0.6,1.94,143.4,9.44,1
168.22266,27.00714,168.21777,27.05751,1332.20267,115,13,0.55,1.86,307.9,10.43,3
168.29416,26.99278,168.29124,26.99278,1391.11354,222,12.2,1.49,3.06,94.8,9.54,1
168.31055,27.09091,168.3235,27.08228,1316.08939,114,18.7,2.88,2.92,371.9,10.94,3
168.33083,25.86194,168.32957,25.86222,1390.51887,204,20.6,2.91,2.14,96.8,9.81,1
168.35449,26.92344,168.34528,26.90965,1396.71683,133,29,2.03,1.45,76.1,9.43,3
168.37646,26.27861,168.39783,26.32086,1309.3755,98,5,0.57,4.94,399.4,10.29,2
168.45624,25.82167,168.46416,25.82528,1354.57779,140,5,0.53,2.72,223.2,9.58,1
168.46436,26.98621,168.44691,26.98708,1315.90629,125,18.5,2.08,2.53,372.7,10.8,3
168.48633,26.88161,168.47059,26.86985,1380.42045,120,16.3,0.78,1.28,131.2,9.49,3
168.48633,26.29761,168.4773,26.30029,1309.03983,189,10.4,1.66,4.68,400.7,10.76,3
168.57422,26.29761,168.55602,26.27208,1336.84134,192,9.4,0.92,2.22,289.9,10.23,3
168.68408,27.02808,,,1396.6558,140,26,2.73,2.24,76.3,9.57,4
168.87625,26.42167,168.8725,26.42583,1380.58508,200,5.2,0.2,2.28,130.6,8.91,1
168.89041,26.96833,168.88916,26.96861,1375.89109,88,5,0.62,3.17,146.9,9.49,1
169.01367,27.09091,168.96625,27.06693,1315.72318,150,25.1,3.54,3.11,373.4,11.03,3
169.03917,26.45139,169.04375,26.46111,1379.99937,223,10.1,0.86,2.14,132.6,9.54,1
169.05333,26.77833,169.05333,26.77944,1392.89605,149,10.5,1.83,2.26,88.8,9.52,1
169.16959,26.98861,169.16208,26.98556,1388.08195,114,16.2,6.06,2.38,105,10.19,1
169.17166,26.37222,169.18042,26.37167,1382.8297,100,5.3,1.35,1.89,122.9,9.67,1
169.28917,25.84861,169.29042,25.84611,1388.879523,280,14.4,2.46,2.28,101.6,9.78,5
169.29932,26.6101,169.31567,26.60913,1357.22709,138,10.9,1.14,2.15,213.5,10.3,2
169.39375,26.57445,169.41208,26.585,1356.091558,30,5.3,0.3,2.25,207.5,9.48,5
169.41585,26.79889,169.41501,26.80639,1354.624815,454,6.6,1.61,2.39,212.3,10.23,5
169.42375,26.8575,169.41542,26.86028,1373.451583,149,6,0.68,2.06,150.8,9.56,5
169.42876,27.09139,169.41376,27.08917,1383.28305,257,13.7,1.62,6.17,121.3,9.83,1
169.54793,26.37556,169.54709,26.38583,1407.19222,14,10.8,0.83,1.96,41.9,8.41,1
169.56459,26.62,169.56168,26.62,1381.9193,260,22.7,3.05,2.45,126,10.04,1
169.62891,26.71445,169.64408,26.70325,1376.66678,93,7,0.33,1.44,144.2,9.19,3
169.64375,26.17167,169.63916,26.17833,1354.073452,167,5,0.66,2.29,214.2,9.85,5
169.65791,26.84778,169.65833,26.85778,1388.35783,101,37.4,4.78,3.47,104.1,10.09,1
169.73126,26.13889,169.72749,26.14361,1383.12141,58,6.7,0.28,2.07,121.9,8.98,1
169.73877,26.90252,169.73442,26.85565,1332.23319,113,18.4,0.84,1.32,307.8,10.24,3
169.7775,26.52972,169.77208,26.53,1383.586111,99,3.5,0.37,2.33,118.3,9.09,5
169.82666,26.98621,169.83952 ,27.02270 ,1316.05887,119,8.5,1.65,3.02,372.1,10.87,3
169.97792,26.54472,169.97041,26.55139,1389.00045,119,7.2,1.15,2.97,101.9,9.05,1
170.00244,26.98621,170.03452 ,26.99453 ,1396.89994,133,15.9,0.7,1.82,75.5,9.39,3
170.04639,26.98621,170.03452,26.99453,1380.75614,92,7.1,0.48,2.07,130,9.66,3
170.06166,26.24333,170.05916,26.24889,1352.47113,176,9.3,1.09,2.02,230.9,10.08,1
170.06291,26.43555,170.06084,26.42472,1351.657923,196,5.4,0.81,2.38,222.2,9.97,5
170.14041,26.96528,170.13249,26.96278,1413.30624,194,144.1,19.6,2.13,22.3,9.65,1
170.15833,26.33694,170.15042,26.33889,1384.15924,70,6,0.88,5.08,118.3,9.33,1
170.17822,26.8607,170.19251,26.88277,1405.29227,202,32.6,2.05,1.45,48,9.04,3
170.27626,26.10111,170.27333,26.09444,1351.92618,176,9.2,1.36,1.65,232.9,9.96,1
170.31006,26.485,170.2773,26.49246,1402.14896,60,6.1,0.22,1.14,58.3,8.24,3
170.31584,26.25,170.31375,26.25139,1391.50875,167,24.8,2.32,3.08,93.5,9.76,1
170.44376,25.9825,170.44376,25.97139,1392.26347,213,9.8,2.4,2.19,90.9,9.47,1
170.48584,26.06899,,,1351.5813,15,5.5,0.36,3.02,234.3,9.64,4
170.48584,26.06899,170.49452,26.04757,1351.6118,43,5,0.2,3.19,239.3,9.43,3
170.50781,26.46417,170.54069,26.44841,1398.57841,83,10,0.38,1.35,70,8.64,3
170.50792,25.92028,170.50876,25.92083,1391.08629,197,19.4,3.82,2.13,94.9,9.89,1
170.72542,26.60778,170.72375,26.605,1392.61382,203,11.4,1.81,2.21,89.8,9.53,1
170.72754,26.58924,170.72388,26.6049,1392.68851,153,20.8,1.67,1.85,89.5,9.49,3
170.75917,26.11695,170.76125,26.11278,1375.77115,172,10.9,1.6,1.83,147.3,9.8,1
170.90332,27.09091,170.87497,27.09726,1316.2725,118,13.9,1.6,3.51,371.2,10.68,3
170.99707,26.56,171.0025,26.55944,1390.90012,56,8.8,0.52,1.59,95.5,9.05,1
171.00166,26.65306,170.9975,26.65361,1350.63638,122,5.8,0.49,2.97,237.7,9.79,1
171.03999,26.57306,171.04999,26.56944,1355.20675,315,10.8,1.83,2.52,220.9,10.3,1
171.05417,26.24972,171.05499,26.24556,1413.42344,129,25.1,3.01,2.26,22,8.53,1
171.0791,26.21443,171.06216,26.2064,1413.37943,132,48.5,1.78,1,22.1,8.31,3
171.09915,26.29361,171.09792,26.29028,1354.35391,141,7.8,0.97,2.17,224,10.04,1
171.10791,27.0025,171.10582,27.00278,1391.62236,96,7.9,0.76,2.28,93.1,9.18,1
171.21094,26.58924,171.20524,26.60722,1402.3931,167,13.3,0.99,1.33,57.5,8.9,3
171.21249,26.60278,171.20541,26.60695,1402.49126,169,10.7,1.23,1.84,57.1,8.82,1
171.3208,26.27681,,,1403.73588,80,8.4,0.2,1.63,53.1,8.45,4
171.35793,26.35278,171.3625,26.34722,1407.49434,117,9.6,1.04,1.78,40.9,8.61,1
171.54625,26.76167,171.54041,26.75945,1374.80352,96,7.1,1.16,3.26,150.7,9.85,1
171.5704,26.81556,171.57709,26.80972,1374.62612,59,7.4,0.52,2.12,151.3,9.43,1
171.58447,27.02808,171.57362,27.01565,1397.1746,92,11.2,0.86,3.41,74.6,9.04,3
171.66833,26.36306,171.66042,26.36056,1391.07721,70,8.2,0.94,2.39,94.9,9.33,1
171.69125,26.37056,171.68625,26.37556,1391.1635,113,6.6,0.54,1.91,94.6,9.14,1
171.69434,26.92344,171.66387,26.89383,1397.14408,112,15.9,0.84,1.29,74.7,9.04,3
171.70917,26.19222,171.71251,26.19639,1392.28621,181,7.6,1.13,2.35,90.9,9.45,1
171.86667,26.06,171.86084,26.05722,1388.09099,136,9.3,1.12,2.96,105,9.45,1
171.88042,26.64806,171.87375,26.65528,1374.89667,198,8,1.83,1.64,150.3,9.97,1
171.89667,26.17361,171.90125,26.17861,1387.187375,161,7.6,1.02,2.35,106.9,9.44,5
171.94499,26.97639,171.94458,26.98583,1373.868119,69,5.3,0.43,2.2,149.4,9.35,5
171.94917,25.83972,171.94917,25.84139,1375.26053,277,6.5,0.98,2.35,149.1,9.67,1
171.95125,26.96111,171.94292,26.95945,1373.894715,67,5.2,0.44,2.27,149.3,9.36,5
171.98749,26.68778,171.97415,26.67528,1344.424568,58,5.6,0.44,2.27,246.4,9.8,5
172.00195,26.8398,172.00231,26.81078,1361.04178,80,17.3,0.5,1.27,199.6,9.65,3
172.03792,26.7025,172.03041,26.71334,1347.389599,95,4.1,0.4,2.22,236.4,9.72,5
172.15576,26.90252,172.15629,26.89969,1360.40092,138,14.3,0.77,1.51,201.9,9.85,3
172.17773,26.75622,172.16933,26.7734,1397.1746,93,14.4,0.6,1.16,74.6,8.89,3
172.19415,26.04833,172.19624,26.03833,1373.8594,363,11,2.65,2.83,153.9,10.15,1
172.27834,25.78667,172.28084,25.79139,1342.724623,504,8.6,2.37,2.45,252.2,10.55,5
172.29017,25.81628,172.2827,25.81364,1347.2173,99,15.4,1.25,2.1,250.5,10.24,3
172.40791,26.2875,172.39874,26.285,1374.13408,128,5.6,0.51,3.05,153,9.45,1
172.41943,25.86154,172.44729,25.86726,1347.27836,101,17.7,1.32,1.89,250.3,10.26,3
172.46338,25.86154,172.44729,25.86726,1330.49369,109,10.6,0.52,2.28,314.6,10.05,3
172.46338,26.98621,,,1397.23563,105,19.2,1.33,2.26,74.4,9.23,4
172.6075,26.99917,172.60458,27.00222,1376.3755,147,5.5,1.15,3.29,145.2,10.17,1
172.61334,25.81556,172.61624,25.81611,1374.338134,243,5.5,0.94,2.43,148,9.69,5
172.67375,26.7025,172.67041,26.69056,1368.046316,166,4.8,0.63,2.27,168.3,9.62,5
172.72626,26.08028,172.72417,26.07722,1388.299928,145,7,0.87,2.31,103.4,9.34,5
172.72876,26.33195,172.72209,26.32445,1374.52414,250,7.6,1.88,3.23,151.6,10.01,1
172.771,26.98621,172.75178,26.99819,1316.30301,112,20.9,1.9,2.2,371.1,10.75,3
172.77391,25.81505,172.77768,25.80428,1411.57889,101,8.2,0.99,1.92,27.8,8.26,3
172.78583,26.04583,172.785,26.04583,1349.40885,217,7.9,1.04,2.48,242.3,10.04,1
172.79208,26.23889,172.78958,26.22639,1375.097043,316,7.1,1.31,2.31,145.5,9.82,5
172.79297,25.96522,172.75223,25.96885,1363.17801,101,8.9,0.6,1.74,191.9,9.7,3
172.83749,26.29833,172.83916,26.29528,1375.13627,316,6,1.71,2.84,149.5,9.93,1
172.85889,25.86154,172.8541,25.86171,1363.17801,112,17.8,1.39,2.19,191.9,10.06,3
172.88404,25.87774,172.89782,25.88406,1363.23905,117,11.1,0.92,1.98,191.7,9.9,3
172.88832,26.06833,172.89626,26.06222,1377.026932,153,4.9,0.74,2.71,139.3,9.53,5
172.91959,26.88028,172.92499,26.87583,1375.61678,159,5.1,0.72,2.52,143.8,9.54,5
172.94666,26.48195,172.94,26.47583,1375.60682,228,5,0.4,2.13,147.9,9.3,1
172.99072,25.8201,172.95378 ,25.82467 ,1411.54838,104,13.1,0.78,2.55,27.9,8.15,3
173.14453,27.00714,173.09785 ,26.98029 ,1416.91947,66,9.9,1.05,2.5,10.9,7.47,3
173.1665,26.94436,173.21281,26.93165,1360.3704,123,17.4,1.79,1.64,202.1,10.22,3
173.23242,25.88227,173.22817,25.89283,1363.6663,79,5,0.26,2.38,190.2,9.35,3
173.33292,26.55167,173.33209,26.55694,1375.45141,160,10.8,1.1,1.63,148.4,9.74,1
173.48375,26.35833,173.47835,26.36389,1376.21547,146,6.6,1,2.46,145.7,9.69,1
173.49609,27.00714,,,1417.10258,90,12.1,1.17,2.2,10.3,7.47,4
173.59666,26.07333,173.60001,26.07333,1342.09454,272,8.6,1.94,2.83,269.9,10.4,1
173.61624,25.88305,173.61417,25.87639,1376.995762,595,10.5,3.05,2.19,139.4,10.15,5
173.71582,25.88227,173.71567,25.86594,1363.87992,94,8.7,0.55,2.57,189.4,9.65,3
173.74208,25.935,173.73958,25.94555,1376.30437,187,6.5,0.99,1.91,145.4,9.66,1
174.02344,27.04902,174.03181,27.08097,1397.23563,130,13.5,1.3,1.82,74.4,9.22,3
174.13043,26.86528,174.12709,26.86083,1374.66603,80,43.5,4.28,2.31,151.1,10.35,1
174.15527,26.63096,174.14771,26.63987,1332.01957,117,12.4,0.58,1.1,308.6,10.08,3
174.16251,26.06944,174.15126,26.07722,1376.884451,173,5.6,0.83,2.52,139.7,9.58,5
174.17543,26.73778,174.17792,26.72695,1374.639822,137,5,0.58,2.21,146.9,9.47,5
174.19922,26.92344,174.218,26.95336,1397.32718,90,11.4,0.5,1.34,74.1,8.8,3
174.32458,26.43278,174.3204,26.41861,1377.38096,119,6.7,0.56,2.36,141.7,9.6,1
174.36542,26.45194,174.36002,26.45611,1378.15162,124,17.3,1.99,2.13,139,9.88,1
174.41499,26.60778,174.40918,26.60472,1353.053752,37,4.3,0.29,2.37,217.5,9.51,5
174.44092,26.98621,,,1316.57767,114,6.1,0.72,3.01,369.9,10.54,4
174.48486,26.52669,,,1414.93583,123,7.1,0.38,1.18,17.2,7.42,4
174.63867,26.54753,174.62677,26.57526,1331.98905,67,6.1,0.31,1.25,308.7,9.82,3
174.68262,27.00714,174.66447,27.01968,1333.02665,69,8.1,0.73,2.64,304.7,10.17,3
174.72542,26.315,174.72166,26.30972,1391.92238,167,16.7,2.01,2.97,92.1,9.32,1
174.77583,26.41722,174.79416,26.435,1388.662118,57,11,0.77,2.05,102.3,9.28,5
174.78,26.36944,174.76582,26.36167,1388.852343,149,9.8,1.08,2,101.7,9.42,5
174.87541,26.3125,174.87375,26.30917,1388.54784,262,43.6,7.19,4.25,103.4,10.18,1
174.96496,26.48465,174.97948,26.47009,1375.14091,174,43.8,2.76,1.29,149.5,10.15,3
175.14542,26.95972,175.13126,26.96806,1352.095688,129,4.5,0.51,2.24,220.7,9.77,5
175.19209,26.38278,175.19499,26.38333,1388.372351,151,6.9,0.74,1.94,103.2,9.27,5
175.2421,25.78583,175.23502,25.78056,1388.603249,274,28.1,4.78,2.29,102.5,10.07,5
175.29785,26.46417,175.30355,26.45348,1403.79691,104,7.2,0.59,1.36,52.9,8.58,3
175.30583,26.44944,175.30333,26.45333,1403.82194,98,5.1,1.04,1.97,52.8,8.74,1
175.41125,25.87695,175.40251,25.88,1388.354244,401,16,3.23,2.25,103.2,9.91,5
175.53708,25.96889,175.53542,25.97389,1388.707405,200,15.6,2.17,2.2,102.1,9.73,5
175.53955,26.485,175.56901,26.48994,1399.46342,155,22.2,1.02,1.15,67.1,9.03,3
175.56152,26.00672,175.57061,25.9985,1392.10868,107,10.2,0.39,2.16,91.5,9.24,3
175.67917,26.33528,175.68791,26.3425,1378.26306,30,16.8,0.45,2.15,138.6,9.19,1
175.765,26.26583,175.7579,26.25833,1376.94034,298,17,3.15,2.23,143.2,9.96,1
175.80322,26.90252,175.75863,26.9156,1333.42338,117,9.4,0.82,3.73,303.1,10.22,3
175.95209,26.46472,175.94666,26.47222,1376.42885,93,10.9,1.2,2.2,145,9.63,1
175.96957,26.17833,175.97374,26.18305,1377.25186,114,6.2,0.4,3.51,142.1,9.24,1
176.08717,26.21397,,,1383.50272,99,10.5,0.91,2.34,120.6,9.49,4
176.14626,25.91139,176.13875,25.90222,1384.742424,67,6.6,0.51,2.09,114.7,9.2,5
176.31958,26.76,176.32291,26.76722,1378.85176,351,14.2,2.6,2.24,136.6,10.03,1
176.39542,26.78944,176.38916,26.78333,1384.296767,147,5.2,0.59,2.09,116,9.27,5
176.44167,26.17861,176.44417,26.17555,1401.77615,48,7.5,0.48,2.25,59.5,8.6,1
176.44876,26.11528,176.45334,26.11972,1384.809972,191,7.6,1.05,2.21,114.4,9.51,5
176.79199,27.09091,,,1316.21146,106,18.6,2.6,3.52,371.4,10.89,4
176.79375,26.37,176.80251,26.36028,1347.43752,281,5,0.26,1.18,249.7,9.56,1
176.81584,26.8225,176.81834,26.83417,1391.0545,70,6.4,0.41,2.39,95,8.95,1
176.87988,27.04902,176.85664,27.01772,1397.08304,117,20.3,1.87,1.73,74.9,9.38,3
176.92918,26.28028,176.93083,26.27639,1384.26265,121,6.3,0.69,2.13,118,9.26,1
177.01042,26.27528,177.02834,26.27361,1347.81683,277,7.3,1.43,1.39,248.3,10.3,1
177.05566,27.09091,,,1316.05887,120,11.5,1.2,3.29,372.1,10.74,4
177.09875,26.76306,177.09875,26.76194,1390.77755,99,6.7,0.58,3.33,95.9,9.12,1
177.10957,25.76694,177.10709,25.76805,1359.333937,192,17.4,2.75,2.54,196.8,10.4,5
177.25342,27.02808,,,1412.18925,389,83.3,10.43,1.95,25.9,9.21,4
177.28833,27.02139,177.28917,27.02194,1411.94818,408,85.4,15.88,2.16,26.7,9.78,1
177.29736,26.90252,,,1332.20267,109,11.9,0.54,1.45,307.9,10.05,4
177.31209,26.49889,177.30374,26.49639,1359.09098,178,7,0.87,2.1,197.5,9.9,5
177.32999,26.12389,177.32834,26.12167,1403.57224,246,91.5,9.17,1.47,53.6,9.8,1
177.35126,26.735,177.34792,26.74083,1411.68156,213,41.2,4.78,1.16,27.5,9.04,1
177.48291,26.34556,177.48584,26.35028,1356.41463,175,9.7,1.65,2.24,216.5,10.07,1
177.52666,26.47333,177.51875,26.48,1412.009,178,58.3,5.84,1.2,26.5,8.98,1
177.57417,25.94972,177.58376,25.96167,1402.82369,109,26.1,11.52,4.88,56.1,9.98,1
177.58458,26.46611,177.57916,26.46334,1357.055294,151,7.2,0.87,2.2,204.2,9.93,5
177.59708,25.975,177.60541,25.98917,1403.02231,142,75.7,10.84,2.52,55.4,9.89,1
177.60498,26.90252,177.61746,26.88082,1332.4163,135,12.1,0.6,1.6,307.1,10.1,3
177.60498,27.02808,177.6065,27.04059,1396.8389,130,29.3,2.68,1.82,75.7,9.55,3
177.64893,25.94448,177.61129 ,25.98125 ,1411.45682,102,17.9,1.1,1.44,28.2,8.31,3
177.73958,26.00361,177.74208,26.005,1389.81137,83,6.9,0.97,3.08,99.2,9.34,1
177.75879,27.09091,177.72824,27.05958,1316.02836,111,19.3,2.69,3.89,372.2,10.91,3
177.85709,26.78778,177.84666,26.78361,1389.636441,247,7.4,1.08,2.08,99.1,9.4,5
177.86043,25.80444,177.86043,25.80944,1389.67993,198,9.3,2.33,2.2,99.6,9.75,1
177.9126,26.98621,,,1316.02836,137,13.3,1.68,3.86,372.2,10.86,4
177.93457,27.09091,177.92367,27.0757,1316.08939,111,24.5,3.27,3.85,371.9,10.99,3
178.01457,25.7525,178.01083,25.75111,1393.989952,219,26.2,3.78,2.18,83.3,9.79,5
178.04443,26.98621,178.01409,26.99951,1316.15043,128,12.4,1.46,3.01,371.7,10.83,3
178.06834,26.80583,178.04959,26.81111,1403.218466,111,5,0.54,2.26,54.9,8.58,5
178.08838,26.98621,,,1316.21146,115,11.4,1.29,2.61,371.4,10.84,4
178.32208,25.98139,178.31833,25.98333,1403.29491,67,11.4,1.36,1.97,54.5,9.2,1
178.33499,25.99306,178.32957,25.98944,1395.1215,114,16.5,0.94,1.34,81.4,9.16,1
178.50586,26.42251,178.51255,26.40083,1397.23563,133,9.6,0.58,1.93,74.4,8.87,3
178.52783,26.485,,,1397.29667,163,15.9,0.72,1,74.2,8.96,4
178.52853,26.65524,178.52502,26.67243,1405.59745,125,55,2.04,2.05,47.1,9.36,3
178.57178,25.86154,178.58507,25.84661,1347.36991,95,10.5,0.54,1.85,250,9.88,3
178.6377,26.71445,,,1397.41874,124,13.1,0.46,1.37,73.8,8.76,4
178.65967,26.19364,178.66535,26.19806,1396.41166,54,25.2,0.48,1,77.1,8.82,3
178.66374,25.94639,178.66541,25.94389,1397.48238,90,6,0.2,2.53,73.6,8.41,1
178.67667,26.41611,178.67999,26.4075,1374.0366,147,8.3,0.36,2.17,153.3,9.88,1
178.68208,26.00028,178.68625,26.005,1406.49087,85,6.6,0.56,2.55,44.2,8.42,1
178.74625,26.20389,178.74374,26.20222,1396.43364,33,110.1,4.24,1.08,77.1,9.67,1
178.76953,26.54753,178.76278,26.51104,1332.81302,145,14.6,0.84,0.94,305.5,10.24,3
178.89542,25.88917,178.89626,25.88917,1396.99674,259,54.5,6.48,2.44,75.2,9.93,1
178.96729,27.06996,178.93731,27.07971,1316.7913,87,8.2,0.46,3.66,369.1,10.49,3
178.99001,25.84389,178.99834,25.84222,1401.348243,144,6.5,0.86,2.46,60.6,8.87,5
179.09912,27.06996,179.11571,27.0519,1316.91337,87,11.5,1.07,3.33,368.6,10.5,3
179.12668,26.735,179.125,26.73556,1380.80876,218,11.3,1.29,1.21,129.8,9.7,1
179.14458,25.82722,179.14708,25.82167,1397.2441,133,16.8,1.95,2.89,74.4,9.4,1
179.26834,26.06833,179.25749,26.06889,1353.57953,24,10.2,0.59,2.26,226.9,9.84,1
179.32083,26.52194,179.32375,26.51694,1388.69717,162,7.1,0.31,3.6,102.9,9.2,1
179.56055,27.00714,179.53984,27.02331,1357.41019,103,16.9,1.71,2.26,212.8,10.24,3
179.56583,26.325,179.55833,26.30917,1388.499109,79,5.7,0.52,2.26,102.7,9.11,5
179.68958,26.89917,179.68916,26.90055,1389.90657,74,11.2,0.92,3.38,98.9,9.32,1
179.78667,26.60695,179.78127,26.60722,1389.21781,158,7.7,0.91,3.51,101.2,9.7,1
179.86874,26.15556,179.87001,26.16833,1348.81941,244,7.8,1.57,1.33,244.5,10,1
179.92001,26.54972,179.91708,26.54639,1389.34464,117,32.4,3.57,2.92,100.7,9.92,1
179.93408,26.27681,179.96635,26.30054,1401.20292,96,20.8,0.8,1.02,61.4,8.85,3
179.96333,26.81,179.96167,26.81306,1403.86818,144,15.2,1.34,2.95,52.7,9.06,1
179.96458,26.3025,179.96584,26.30055,1401.2184,96,20.2,1.36,1.2,61.3,9.07,1
179.97803,26.98621,179.98818,26.98687,1317.12699,107,10.6,0.71,1.87,367.7,10.32,3
179.98167,26.06695,179.97708,26.06944,1376.39773,95,5,0.74,1.53,145.1,9.56,1
180.06375,26.51139,180.06291,26.49528,1403.76644,125,9.6,1.03,2.92,53,8.69,1
180.15381,25.94448,180.13958,25.93856,1347.06473,103,16.7,1.09,1.85,251.1,10.18,3
180.1675,26.74917,180.16083,26.76056,1356.64351,115,6.4,0.46,1.72,215.6,9.8,1
180.21973,25.96522,180.23013,25.96233,1395.0994,119,6.5,0.38,1.61,81.5,8.76,3
180.21973,25.84082,180.19893,25.83779,1330.76835,98,14.8,1.02,2.45,313.5,10.35,3
180.2417,25.8201,180.19890 ,25.83778 ,1363.17801,104,7.8,0.59,2.52,191.9,10.06,3
180.24374,26.94305,180.23749,26.95444,1380.94748,136,7.2,1.2,3.79,129.3,9.66,1
180.37354,25.86154,180.36952,25.89798,1347.06473,98,22.2,2.29,2.29,251.1,10.51,3
180.43945,26.71445,,,1377.30765,133,6,0.79,1.21,141.9,9.56,4
180.4834,26.71445,180.47877,26.75254,1377.58231,132,5.5,0.24,1.32,141,9.03,3
180.54932,27.06996,180.54269,27.0937,1316.33353,109,24.4,3.2,3.47,370.9,10.98,3
180.63721,26.8189,180.61084,26.82545,1332.66044,87,5.6,0.6,1.1,306.1,10.09,3
180.7251,26.56838,,,1361.46903,104,9.5,0.62,1.1,198.1,9.86,4
180.76904,26.52669,180.77303,26.51004,1345.17264,51,6.4,0.48,1.33,258.2,9.85,3
180.81299,25.903,180.85866,25.91363,1330.95145,104,16.8,1.22,2.11,312.8,10.42,3
180.83167,26.57667,180.82167,26.57806,1405.1088,116,19.2,1.17,1.6,48.6,9,1
180.83496,27.04902,,,1361.04178,80,5.4,0.65,2.71,199.6,9.85,4
180.85709,25.905,180.86459,25.90833,1374.37362,237,6.4,1,2.26,147.7,9.71,5
180.87891,26.46417,180.92763,26.44962,1332.93509,116,12,0.7,1.15,305,10.15,3
180.92285,26.38086,180.91563,26.35989,1318.5308,95,5,0.26,2.88,362.1,9.9,3
180.96959,26.01278,180.97168,26.01028,1400.905662,118,7.5,0.74,2.01,62,8.83,5
181.06708,26.14972,181.06917,26.14861,1375.68232,218,14,1.49,1.54,147.6,9.89,1
181.09863,26.71445,181.0989,26.71855,1401.90482,139,13.1,1.49,1.41,59.1,9.08,3
181.14258,26.798,,,1345.20316,97,6,0.77,1.27,258.1,10.06,4
181.21083,26.99306,181.21584,26.9925,1417.73568,141,22.8,3.69,2.53,8.4,7.78,1
181.23047,26.92344,181.2525,26.9439,1397.6934,64,12.3,1.85,1.52,72.9,9.36,3
181.27415,26.76194,181.2679,26.75333,1405.81341,112,12.8,0.73,1.49,46.4,8.91,1
181.27441,26.50584,181.31608,26.49449,1402.02689,120,15.2,0.69,1.08,58.7,8.74,3
181.27441,26.54753,181.29102,26.56168,1332.38578,152,8.2,0.23,1.2,307.2,9.68,3
181.29639,26.69357,181.30198,26.68887,1332.38578,140,12.5,0.73,1.01,307.2,10.36,3
181.29639,26.40168,181.28227,26.37634,1402.14896,96,9.7,0.27,1.32,58.3,8.33,3
181.40625,26.6727,181.40811,26.66838,1332.53837,171,7.5,0.27,1.14,306.6,9.75,3
181.47217,26.6101,181.45003,26.59887,1361.22489,123,22.6,1.51,2.63,199,10.13,3
181.49414,26.71445,181.48981,26.67825,1377.61283,111,16,0.92,1.81,140.9,9.62,3
181.51611,27.06996,181.54246,27.04903,1316.76078,91,12.6,1.07,2.33,369.2,10.54,3
181.604,25.86154,,,1363.87992,86,5.1,0.24,1.88,189.4,9.65,4
181.71709,26.4225,181.72168,26.42611,1373.78853,238,9.3,2.33,2.33,154.2,10.21,1
181.80176,25.84082,181.79304,25.83801,1380.14579,99,6.9,0.47,2.56,132.1,9.27,3
181.81332,27.06472,181.80624,27.06667,1407.62452,49,8.8,0.58,3.34,40.5,8.35,1
181.82373,26.90252,181.79915,26.91604,1361.28592,122,13.5,0.75,1.76,198.7,9.83,3
181.91162,26.98621,181.90801,26.99005,1357.31864,102,15.6,1.59,2.95,213.2,10.21,3
182.01584,26.35472,182.01791,26.35278,1405.07637,117,6.9,0.67,2.88,48.7,8.57,1
182.02148,25.84082,182.03437,25.81228,1380.29838,122,7.3,0.64,2.51,131.6,9.4,3
182.05916,25.75639,182.04958,25.75722,1387.097002,279,8.6,1.31,2.04,101.8,9.5,5
182.08583,27.005,182.07333,26.99944,1342.3186,77,5.7,0.54,4.41,269,9.86,1
182.10937,27.00714,182.07975,27.00536,1333.51493,79,12.5,0.83,2.37,302.8,10.22,3
182.17084,26.93194,182.17416,26.93472,1343.42736,120,7.2,1.06,3.94,264.8,10.22,1
182.24121,26.04823,182.23637 ,26.00703 ,1331.40922,98,10,0.43,1.29,311,9.96,3
182.28516,26.21443,182.28221 ,26.25427 ,1410.35819,101,6.6,0.3,1.95,31.7,7.81,3
182.3291,26.50584,182.32986,26.49041,1361.86576,100,10.5,0.36,1.05,196.6,9.5,3
182.34665,26.21722,182.33665,26.21222,1370.309133,195,8.6,1.1,2.04,160.8,9.83,5
182.35107,26.27681,182.33627,26.27741,1410.26664,141,10.7,0.67,2.91,32,8.21,3
182.37248,26.22528,182.37,26.22611,1410.2146,147,44.6,5.08,1.82,32.2,9.09,1
182.52876,26.28528,182.52083,26.28028,1408.01522,154,11.8,0.28,2.6,39.3,8,1
182.5708,26.40168,182.56618,26.38229,1402.54569,111,11.7,0.61,1.15,57,8.66,3
182.57751,26.43333,182.57625,26.43056,1390.14235,92,13.8,1.71,3.64,98.1,9.6,1
182.5975,26.36472,182.61043,26.36722,1383.909864,102,5.8,0.48,1.85,117.2,9.19,5
182.66208,25.93278,182.64459,25.92833,1390.55063,186,5,0.7,2.15,96.7,9.22,1
182.70125,25.84,182.68791,25.84417,1391.40425,210,7.8,1.16,2.53,93.8,9.37,1
182.83292,26.03333,182.83501,26.03167,1384.11428,81,9.1,0.61,2.18,118.5,9.43,1
182.87842,26.90252,182.90045,26.91116,1333.57596,79,7.4,0.81,2.14,302.6,10.21,3
182.87842,26.90252,182.90045,26.91116,1361.46903,151,10.7,0.85,1.84,198.1,9.94,3
183.1825,26.04611,183.1875,26.04,1408.35493,99,17.9,1.1,1.28,38.2,8.63,1
183.25195,27.00714,183.25371,26.98857,1333.637,104,9.1,0.68,3.93,302.3,10.14,3
183.62549,26.19364,183.59112,26.20508,1410.17509,15,5,0.2,1.87,32.3,7.69,3
183.64293,26.10917,183.65251,26.11306,1386.550497,155,5,0.68,2.44,108.8,9.28,5
183.82324,26.798,183.77781,26.81299,1356.83036,63,5.7,0.61,3.4,214.9,9.98,3
183.98375,26.66556,183.98041,26.66222,1384.9465,167,16.9,2.09,2.89,115.7,9.8,1
184.06494,27.06996,184.05454 ,27.02575 ,1316.7913,231,12.5,0.25,3.69,369.1,10.39,3
184.08333,26.76944,184.07709,26.76528,1387.910784,161,6.5,0.76,2.05,104.5,9.29,5
184.15335,26.23573,184.14458,26.23126,1372.08915,211,29.2,6.88,3.4,160.2,10.9,3
184.2127,26.01104,184.21911,26.00265,1399.34134,265,17.9,3.49,1.52,67.5,9.57,3
184.22708,25.77389,184.22874,25.775,1390.575803,191,5,0.71,2.26,96.1,9.19,5
184.35059,26.42251,184.39307 ,26.44984 ,1402.66776,116,10,0.94,1.44,56.6,8.85,3
184.40208,26.40139,184.38792,26.39778,1385.86086,170,5,0.68,4.2,112.5,9.3,1
184.41167,26.97833,184.39583,26.98167,1367.782661,180,5,0.65,2.13,168.9,9.64,5
184.44751,26.02861,184.45125,26.03056,1385.152321,396,8.5,1.78,2.36,113.2,9.73,5
184.46045,25.8201,184.51342,25.80596,1363.72733,60,7.2,0.37,2.65,189.9,9.48,3
184.49251,27.11556,184.49042,27.1075,1351.53598,90,6.7,0.83,2.47,234.4,10,1
184.62917,26.01,184.63167,25.99917,1385.805955,159,5.1,0.66,2.29,111.1,9.28,5
184.815,25.93278,184.81332,25.93056,1389.26921,342,8.5,1.51,2.14,100.2,9.55,5
184.83958,25.76583,184.83958,25.76833,1387.426921,91,6.6,0.63,2.2,106,9.22,5
184.85596,25.8201,184.81301,25.83227,1392.20023,91,13.9,1.26,2.1,91.2,9.38,3
184.88583,25.74556,184.875,25.7425,1386.193919,172,7.3,0.97,2.27,109.9,9.44,5
185.09766,26.42251,185.11344,26.43106,1402.75931,97,8.8,0.2,2.06,56.3,8.17,3
185.09958,26.69972,185.09915,26.70278,1370.27647,197,40.3,1.38,2.78,166.6,9.94,1
185.11963,25.8201,185.13263,25.79271,1395.67924,67,7.5,0.34,2.27,79.6,8.7,3
185.27344,26.38086,185.26532,26.35306,1398.85306,73,7.4,0.2,1.31,69.1,8.35,3
185.30418,26.64556,185.29042,26.635,1368.758692,162,4.8,0.62,2.24,165.8,9.6,5
185.44041,25.8875,185.44084,25.88417,1388.263719,548,21,5.09,1.97,103.4,10.11,5
185.46667,26.36139,185.46375,26.36361,1387.30015,210,14.9,1.25,3.92,107.7,9.71,1
185.48042,25.9575,185.48502,25.95667,1389.60289,120,5.1,0.45,2.78,99.9,9.02,1
185.49316,26.38086,,,1398.66996,92,9.9,0.48,1.49,69.7,8.73,4
185.54333,26.05167,185.5425,26.05167,1415.60214,111,45.3,5.34,2.22,15.1,8.48,1
185.64697,27.06996,185.68635,27.09047,1317.43217,103,20.6,1.96,2.67,366.5,10.76,3
186.03874,26.23028,186.04124,26.23111,1419.04347,98,7,0.73,4.3,6.7,6.78,1
186.15234,25.84082,186.14851,25.86183,1394.94681,112,5,0.28,2.22,82,8.64,3
186.26584,25.95667,186.27083,25.95722,1389.49414,213,6.1,4.67,1.83,100.2,9.9,1
186.32959,26.71639,186.32501,26.71445,1418.91589,127,131.8,10.54,2.13,4.7,7.9,1
186.35404,26.2353,186.36516 ,26.27318 ,1357.6467,67,14.2,3.72,2.83,211.9,10.59,3
186.40417,26.16667,186.40042,26.16306,1376.7357,160,9.3,1.22,1.99,143.9,9.76,1
186.42543,26.805,186.42667,26.81,1419.11436,55,21,1.77,1.55,4,6.83,1
186.43459,26.76833,186.43709,26.76667,1388.67001,90,6.1,0.92,3.67,103,9.36,1
186.44209,26.08417,186.4425,26.08222,1387.472127,239,6.5,1.04,2.3,105.8,9.44,5
186.50375,25.78639,186.50958,25.795,1388.304454,230,6.7,0.96,2.1,103.2,9.38,5
186.60208,25.88944,186.61583,25.88889,1388.20941,56,5.2,0.47,2.67,103.5,9.07,5
186.83734,26.31864,186.83467,26.32062,1323.68827,45,6.7,0.53,2.78,341.4,10.16,3
186.85658,26.34067,186.83467,26.32062,1337.4517,131,15.4,1.37,3.27,287.6,10.4,3
186.87666,26.57167,186.89375,26.58056,1375.10964,68,5,0.9,2.35,149.6,9.68,1
186.89833,26.53056,186.89792,26.53972,1390.74124,114,8.8,0.86,1.64,96,9.15,1
186.9675,26.99778,186.95999,26.99306,1387.43114,450,80.6,35.87,2.47,107.2,10.99,1
186.9873,26.798,,,1357.28812,103,18.3,0.83,1.39,213.3,9.93,4
187.1129,26.79611,187.10208,26.78361,1390.46442,300,6.1,1.58,2.51,97,9.61,1
187.18506,26.11053,187.2015,26.08153,1396.62528,122,11.1,0.58,1.11,76.4,8.9,3
187.229,25.8201,,,1364.4292,112,22.2,1.82,2.18,187.4,10.16,4
187.229,25.8201,187.27648,25.8163,1412.7996,118,18,1.41,2.08,24,8.28,3
187.229,26.19364,187.18145,26.16542,1332.11112,111,5.4,0.23,1.34,308.2,9.83,3
187.41959,26.23722,187.41084,26.23056,1388.91896,110,5.3,0.89,3.69,102.2,9.3,1
187.53662,25.86154,187.52936,25.86102,1364.45975,143,18.7,1.56,1.66,187.3,10.09,3
187.55624,26.44,187.54749,26.43278,1391.19529,104,11.2,1.34,2.33,94.5,8.99,1
187.58057,26.19364,187.57341,26.15373,1364.73441,118,5.9,0.29,2,186.3,9.37,3
187.58057,26.98621,187.57499,27.02156,1397.90702,96,16.9,1.01,2.21,72.2,9.09,3
187.73584,26.51222,187.73334,26.51111,1416.03022,22,22.2,0.87,1.77,13.7,7.5,1
187.84874,25.90694,187.84541,25.91389,1388.213935,82,5.4,0.43,1.95,103.4,9.04,5
187.84958,26.79472,187.85333,26.79611,1388.281823,215,6.6,0.86,1.97,103.2,9.33,5
187.91016,26.54753,187.95254,26.57401,1361.19437,102,7.4,0.28,1.81,199.1,9.4,3
187.93213,25.86154,187.91559,25.84787,1347.46146,87,11.8,0.54,2,249.6,9.87,3
187.95332,25.98806,187.94833,25.98806,1391.109,173,6.2,1.94,1.83,94.8,9.5,1
188.01543,26.15472,188.01501,26.14861,1380.12899,50,8.3,0.28,2.25,132.2,9.05,1
188.10791,27.06996,188.13222,27.09094,1317.12699,92,8.6,0.84,3.47,367.7,10.4,3
188.1958,25.94448,188.23303,25.95858,1331.5618,69,9.3,0.35,1.66,310.4,9.87,3
188.1958,25.94448,188.23303,25.95858,1347.64457,75,8.2,0.42,1.54,248.9,9.77,3
188.26375,26.14028,188.26584,26.13972,1380.01725,147,8.1,0.43,1.29,132.6,9.24,1
188.28625,27.09306,188.28708,27.09444,1374.58178,487,32.3,7.63,3.64,151.4,10.61,1
188.32764,25.8201,188.30125 ,25.85159 ,1363.69681,75,5.9,0.29,2.08,190,9.59,3
188.36375,26.76694,188.375,26.77944,1388.376877,126,6.3,0.7,2.2,102.9,9.24,5
188.38792,26.73,188.37083,26.73778,1389.963032,91,4.9,0.5,2.39,97.9,9.05,5
188.43167,26.61389,188.42625,26.61722,1387.377197,166,7.1,0.86,2.09,106,9.36,5
188.59666,26.87417,188.60957,26.88445,1389.15894,86,5.4,0.25,2.58,101.4,9,1
188.63525,26.485,188.65829,26.47296,1361.34696,74,9.6,0.73,1.74,198.5,9.81,3
188.6792,25.94448,188.70848,25.92391,1347.85819,104,6.8,0.2,1.65,248.1,9.46,3
188.80249,26.53028,188.80208,26.53333,1391.18166,252,10,1.71,3.89,94.6,9.55,1
188.87209,26.08926,188.83518,26.0945,1318.23325,72,8.1,1.18,4.72,363.3,10.53,3
188.89626,25.84972,188.89375,25.84945,1414.02848,104,41.2,8.42,2.49,20.1,8.53,1
188.91624,26.28528,188.92207,26.28583,1391.26796,300,15.2,2.96,2.41,94.3,9.78,1
188.92917,26.22056,188.92332,26.22222,1390.6777,215,6.6,1.15,2.1,96.3,9.5,1
188.94287,27.06996,188.96964,27.07424,1317.00492,121,11.3,1.19,3.23,368.2,10.55,3
188.98459,26.96472,188.99333,26.96556,1386.288688,240,6.1,0.86,2.04,109.4,9.39,5
188.98682,25.8201,188.95875,25.79482,1392.23075,81,13.5,0.84,2.75,91,9.2,3
188.98682,26.56838,188.98688,26.58847,1333.57596,81,7.4,0.25,1.59,302.6,9.73,3
188.98682,26.90252,,,1333.02665,85,6.2,0.31,1.72,304.7,9.83,4
189.00879,26.42251,,,1398.33426,102,12.7,0.65,2.8,70.8,8.87,4
189.03076,25.8201,,,1364.06302,109,12.8,0.96,2.13,188.7,9.89,4
189.05273,26.25601,189.05614,26.25217,1336.81083,164,8.7,1.9,1.97,290.1,10.58,3
189.07471,27.06996,189.08819,27.03335,1316.9744,133,10.5,1.05,3.08,368.3,10.49,3
189.08292,25.99278,189.08751,25.98694,1414.62935,281,447.1,118.5,2.8,18.1,9.5,1
189.09668,26.88161,,,1397.81547,73,8.2,0.32,1.07,72.5,8.6,4
189.10583,26.93056,189.09418,26.93667,1387.490211,67,6.2,0.51,2.24,105.6,9.13,5
189.42166,27.1225,189.42125,27.12917,1398.65205,134,6.4,1.02,3.9,69.7,9.06,1
189.42625,26.70167,189.42125,26.7075,1391.22708,294,7.9,1.28,2.62,94.4,9.6,1
189.42627,25.8201,189.4318,25.8003,1364.09354,79,6.3,0.39,2.51,188.6,9.49,3
189.66797,26.92344,189.6528,26.91778,1398.12064,108,19.9,1.02,1.4,71.5,9.08,3
189.73332,26.29861,189.75542,26.30361,1384.463292,67,4.4,0.31,1.9,115.2,8.99,5
189.73389,25.8201,,,1411.48734,109,9.2,0.46,2.36,28.1,8.26,4
189.75586,27.04902,,,1317.40165,103,9.3,0.7,2.19,366.6,10.66,4
189.90967,26.90252,189.93588,26.90885,1333.57596,94,5.2,0.27,2.2,302.6,9.74,3
189.95361,26.73533,189.95524,26.72874,1317.4932,104,17.7,1.53,1.93,366.2,10.65,3
189.99756,26.65183,189.96598,26.64937,1333.66752,138,13.9,0.9,1.96,302.2,10.26,3
190.00667,26.31861,190.00708,26.32195,1418.27361,18,21,0.77,2.2,6.7,6.7,1
190.00708,26.67472,190,26.68222,1398.25736,117,8.7,0.56,1.12,71,8.95,1
190.0415,26.69357,190.00046,26.68767,1398.30375,124,15.2,0.84,1.29,70.9,8.99,3
190.0675,26.33,0,0,1378.37305,118,6.9,0.73,2.17,134.6,9.49,5
190.07584,26.47695,190.07001,26.47361,1389.840542,136,6.8,0.63,1.77,98.2,9.16,5
190.14583,25.87167,190.13792,25.86444,1357.26575,145,9.5,1.55,3.87,213.4,10.44,1
190.15251,27.07639,190.15376,27.07889,1390.026554,95,5.8,0.5,1.97,97.6,9.05,5
190.1575,26.51917,190.16042,26.52611,1389.84764,287,32.7,3.85,1.98,99,9.93,1
190.19958,25.94472,190.20334,25.94444,1414.19743,34,6.1,0.45,1.99,19.5,7.6,1
190.28416,26.81444,190.27667,26.8225,1397.9225,133,12,1.5,1.75,72.1,9.26,1
190.30959,26.73694,190.30875,26.73528,1398.19771,183,23.1,3.48,1.22,71.2,9.61,1
190.35458,26.38528,190.35875,26.38583,1387.567071,52,4.8,0.27,1.69,105.4,8.85,5
190.37109,26.71445,190.35136,26.71236,1398.27323,170,24.1,1.2,1.47,71,9.15,3
190.39307,26.23522,190.41276 ,26.19009 ,1342.94486,161,23.3,2.09,2.36,266.6,10.52,3
190.40166,26.07528,190.40584,26.07222,1398.46844,410,52.7,10.22,2.31,70.3,10.1,1
190.5249,26.65183,190.55555,26.63492,1333.27079,165,12.5,1.21,1.17,303.7,10.39,3
190.54688,26.6727,190.55555,26.63492,1349.53666,155,11.1,0.87,1.11,241.9,10.06,3
190.92041,26.56838,190.94045,26.5859,1333.24027,140,20,1.2,1.58,303.9,10.39,3
191.05225,26.6101,191.04369,26.60934,1333.39286,103,12.2,0.75,1.79,303.3,10.18,3
191.17625,26.4175,191.17207,26.41972,1399.20775,115,5.8,0.8,1.99,67.9,8.99,1
191.31667,26.16944,191.31375,26.16306,1386.266123,143,6.4,0.69,2.03,109.5,9.29,5
191.32136,26.57023,191.34427,26.52321,1373.9202,65,11.8,1.1,2.44,153.7,9.77,3
191.32167,26.07861,191.315,26.08417,1341.442976,103,6.2,0.7,2.47,256.1,10.03,5
191.33789,27.00714,191.35804,26.98867,1366.07718,96,12.1,0.93,1.84,181.5,9.84,3
191.35986,26.94436,191.33825,26.9418,1333.78959,93,12.6,1.04,2,301.7,10.32,3
191.36624,26.12583,191.37042,26.14,1341.666982,205,6.6,1.03,2.41,255.4,10.2,5
191.38184,27.09091,,,1415.21049,112,19.4,1.9,2.78,16.3,8.08,4
191.40042,26.13917,191.40833,26.14056,1342.144829,189,6.3,0.88,2.26,253.7,10.13,5
191.46973,27.09091,,,1394.51957,115,5.4,0.43,2.74,83.4,9.36,4
191.51367,27.00714,191.51467,26.99718,1333.85062,102,7.1,1.2,3.15,301.5,10.38,3
191.53564,26.19364,191.53634,26.20415,1359.36332,111,10.5,1.36,2.23,205.7,10.11,3
191.54126,26.25472,191.545,26.25,1411.56933,54,15.1,0.79,1.82,27.9,8.16,1
191.55762,26.21443,191.53634,26.20415,1343.28055,167,23.4,1.47,1.26,265.4,10.54,3
191.60156,26.29761,191.61002,26.28834,1407.7642,85,13.1,0.81,2,40.1,8.48,3
191.66748,26.65183,191.65957,26.6498,1333.637,116,7.4,0.56,1.62,302.3,10.05,3
191.68945,26.92344,,,1398.57841,119,13.8,1.49,1.4,69.9,9.23,4
191.72749,26.56556,191.73082,26.56417,1416.42089,65,12.8,0.82,1.58,12.5,7.12,1
191.7334,27.00714,191.75686,26.991,1333.91166,107,17.3,1.27,1.78,301.3,10.4,3
191.75537,26.56838,191.73087,26.56427,1416.43119,70,15.6,0.78,1.43,12.5,7.45,3
191.79875,26.71,191.79875,26.71334,1389.14082,410,35.7,6.02,3.6,101.4,10,1
191.79932,26.65183,191.80714,26.67647,1333.8201,141,7,0.27,1.79,301.6,9.73,3
192.14001,26.11028,192.13792,26.11417,1390.77301,221,9.1,1.34,3.14,95.9,9.45,1
192.15088,26.98621,192.17728,26.99862,1366.26029,119,19,1.36,1.76,180.9,10,3
192.17625,26.41611,192.17543,26.41722,1388.52069,310,11.1,2.12,3.94,103.5,9.79,1
192.19167,26.75444,192.19499,26.74861,1358.92352,114,6.3,0.84,1.69,207.3,9.91,1
192.21042,26.65805,192.22168,26.65944,1359.425069,168,4.7,0.66,2.4,196.1,9.78,5
192.32666,26.90252,192.31765,26.88984,1333.88114,126,6.3,0.41,1.73,301.4,9.91,3
192.38376,25.995,192.38626,25.98917,1371.67914,370,19.2,3.64,2.54,161.6,10.7,1
192.58458,26.74333,192.58417,26.74972,1387.693682,121,7.5,0.78,2.1,106.2,9.32,5
192.79292,26.79333,192.79333,26.79444,1358.65922,260,8.3,2,2.01,208.3,10.2,1
192.88583,26.77472,192.88875,26.76972,1358.56392,180,5.3,0.2,2.16,208.6,9.31,1
192.89795,26.90252,,,1413.5015,132,6.4,0.29,1.45,21.7,7.92,4
192.92667,27.02944,192.93709,27.01833,1390.79835,237,4.7,0.67,2.07,95.1,9.15,5
192.93251,26.10528,192.93459,26.11056,1414.52134,37,31.4,1.67,2.07,18.5,8.12,1
192.94189,25.94448,,,1331.5618,85,8.8,0.51,1.57,310.4,10.04,4
192.96001,25.78861,192.94041,25.77444,1414.81253,113,64.2,8.56,3.18,17.6,8.75,1
192.97794,26.07667,192.97667,26.06667,1358.27378,73,8.1,0.96,2.75,209.7,9.76,1
192.97917,26.11361,0,0,1384.238268,60,6.9,0.54,2.25,115.9,9.23,5
193.00876,25.8475,0,0,1414.47908,45,93.1,9.76,2.6,18.6,8.52,1
193.02042,26.19083,193.02292,26.19833,1384.28964,179,11.6,0.39,2.16,117.9,9.1,1
193.03835,26.08806,0,0,1384.373274,155,8.5,1.58,3.35,115.4,9.7,5
193.07373,26.73533,193.08168,26.76462,1332.47733,89,11.8,0.69,1.33,306.8,10.16,3
193.14709,26.74583,193.15083,26.74972,1384.04684,189,6.5,1.03,4.08,118.7,8.27,1
193.16162,26.19364,193.14009,26.19818,1358.78348,243,42,3.5,1.88,207.8,10.53,3
193.20557,25.8201,193.23613,25.83719,1347.64457,67,10.2,0.51,1.86,248.9,9.84,3
193.24951,25.94448,193.24035,25.95484,1331.47025,89,10.2,0.6,1.44,310.7,10.08,3
193.3374,26.7771,193.34159,26.77251,1332.4163,114,17.5,0.87,1.33,307.1,10.25,3
193.38135,26.27681,193.33172,26.27613,1418.3538,108,5.2,0.2,1.72,6.4,6.29,3
193.40332,27.00714,193.52249,27.14861,1418.5369,47,44.2,2.34,2.48,5.8,7.27,1
193.49121,26.92344,193.47586,26.96637,1380.87821,135,18.1,1.45,1.36,129.6,9.75,3
193.51318,25.94448,193.51376,25.91406,1331.50077,90,7.2,0.34,1.43,310.6,10.05,3
193.5315,26.38222,193.53394,26.39616,1407.12333,224,16.6,1.38,1.71,42.1,8.76,3
193.55713,26.31842,193.55473,26.342,1337.48221,176,10.9,1.18,2.71,287.5,10.48,3
193.62042,26.3025,193.62125,26.30361,1417.43858,56,23,1.16,2.22,9.3,7.37,1
193.62305,26.25601,193.61817,26.30094,1417.43827,58,13.9,0.57,1.26,9.3,7.06,3
193.8208,25.8201,193.80994,25.82426,1347.64457,93,14.7,0.78,1.88,248.9,10.03,3
193.84277,26.6727,,,1362.04886,114,6,0.23,1.38,196,9.74,4
193.85292,26.86278,193.85126,26.86111,1392.8915,76,23.6,1.53,2.15,88.8,9.45,1
193.85916,26.41861,193.85834,26.41556,1358.90619,74,6.5,0.63,2.3,207.4,9.78,1
193.86475,26.98621,193.87536,27.00887,1413.19633,143,17.1,1.07,1.87,22.7,8.11,3
194.01855,27.00714,193.99043,27.01828,1332.50785,117,27.2,2.27,2.17,306.7,10.67,3
194.08447,26.6101,194.04823 ,26.60013 ,1366.84012,135,10.7,0.32,2.36,178.8,9.37,3
194.12842,26.90252,,,1381.06132,100,8.7,0.63,1.75,129,9.63,4
194.19434,26.8398,,,1413.5015,101,5.9,0.34,1.21,21.7,7.57,4
194.19749,26.42361,194.19125,26.41944,1359.29198,18,5.6,0.28,2.62,205.9,9.66,1
194.20416,26.47611,194.2175,26.48722,1385.06355,56,7.1,0.31,3.27,115.2,9,1
194.38374,26.50833,194.37915,26.51167,1386.577586,114,5.6,0.53,1.98,108.4,9.17,5
194.39209,27.06996,194.42086,27.09289,1316.57767,99,11.1,1.34,3.41,369.9,10.6,2
194.47998,26.90252,194.46894,26.8924,1316.57767,112,8.8,0.49,2.38,369.9,10.17,3
194.52457,26.65833,194.53874,26.66389,1386.72208,127,4.6,0.51,2.21,104,9.11,5
194.62541,27.00139,194.62833,26.99472,1385.869097,114,5.1,0.56,2.29,104,9.15,5
194.63379,26.29761,194.66531,26.26781,1337.57377,179,9.5,0.77,2.29,287.1,10.14,3
194.66873,26.75722,194.66583,26.75917,1385.99158,182,6.5,0.9,2.72,112.1,9.43,1
194.67773,26.92344,194.68517,26.94766,1316.73026,82,8.9,0.76,2.02,369.3,10.36,3
194.78375,26.3875,194.78416,26.3775,1415.6915,47,5.9,0.26,1.32,14.8,7.12,1
194.7876,26.27681,194.76272,26.28386,1418.5369,102,6.9,0.22,1.48,5.8,6.2,3
194.93668,26.97556,194.95543,26.97445,1387.363637,228,5.1,0.7,2.02,104,9.25,5
194.96338,27.06996,194.94868,27.07318,1316.91337,95,7.5,0.82,4.03,368.6,10.39,3
194.98535,26.92344,194.98961,26.91238,1332.99613,72,8,0.45,2.44,304.8,9.97,3
